scenario_id,wind_scenario,solar_scenario,hour,P_wind_MW,P_pv_MW,P_re_MW,P_load_MW,P_load_served_MW,P_load_shed_MW,plant_load_ratio,plant_on,P_alk_MW,P_pem_MW,P_nh3_MW,P_plant_MW,NH3_t,P_curtail_MW,P_buy_MW,P_sell_MW,cost_yuan,unit_cost_yuan_per_t
W1_P1,W1,P1,0,9.776,0.0,9.776,1.3698,1.3698,0.0,0.202559,1,4.051181,4.051181,0.303839,8.4062,0.607677,0.0,0.0,0.0,2479.802858,4080.790313
W1_P1,W1,P1,1,10.904,0.0,10.904,1.0998,1.0998,0.0,0.236246,1,4.724916,4.724916,0.354369,9.8042,0.708737,0.0,0.0,0.0,2817.537653,3975.432726
W1_P1,W1,P1,2,15.152,0.0,15.152,0.7998,0.7998,0.0,0.345836,1,6.916723,6.916723,0.518754,14.3522,1.037508,0.0,0.0,0.0,4003.018231,3858.299462
W1_P1,W1,P1,3,13.312,0.0,13.312,0.99,0.99,0.0,0.296916,1,5.938313,5.938313,0.445373,12.322,0.890747,0.0,0.0,0.0,3482.26906,3909.380674
W1_P1,W1,P1,4,15.072,0.0,15.072,1.1802,1.1802,0.0,0.334742,1,6.694843,6.694843,0.502113,13.8918,1.004227,0.0,0.0,0.0,3935.51507,3918.951597
W1_P1,W1,P1,5,18.724,0.0,18.724,1.6302,1.6302,0.0,0.411899,1,8.237976,8.237976,0.617848,17.0938,1.235696,0.0,0.0,0.0,4869.329672,3940.555082
W1_P1,W1,P1,6,9.628,14.08,23.708,2.5002,2.5002,0.0,0.511031,1,10.220627,10.220627,0.766547,21.2078,1.533094,0.0,0.0,0.0,5690.48972,3711.768365
W1_P1,W1,P1,7,22.804,25.6,48.404,3.3702,3.3702,0.0,1.0,1,20.0,20.0,1.5,41.5,3.0,3.5338,0.0,0.0,11495.6,3831.866667
W1_P1,W1,P1,8,17.852,37.12,54.972,4.0098,4.0098,0.0,1.0,1,20.0,20.0,1.5,41.5,3.0,9.4622,0.0,0.0,12135.2,4045.066667
W1_P1,W1,P1,9,14.328,46.08,60.408,4.2,4.2,0.0,1.0,1,20.0,20.0,1.5,41.5,3.0,14.708,0.0,0.0,12681.8,4227.266667
W1_P1,W1,P1,10,11.904,52.48,64.384,4.1202,4.1202,0.0,1.0,1,20.0,20.0,1.5,41.5,3.0,18.7638,0.0,0.0,13086.2,4362.066667
W1_P1,W1,P1,11,7.736,55.04,62.776,3.9,3.9,0.0,1.0,1,20.0,20.0,1.5,41.5,3.0,17.376,0.0,0.0,12768.2,4256.066667
W1_P1,W1,P1,12,8.556,56.32,64.876,3.2598,3.2598,0.0,1.0,1,20.0,20.0,1.5,41.5,3.0,20.1162,0.0,0.0,13044.8,4348.266667
W1_P1,W1,P1,13,14.52,56.32,70.84,2.6898,2.6898,0.0,1.0,1,20.0,20.0,1.5,41.5,3.0,26.6502,0.0,0.0,13939.4,4646.466667
W1_P1,W1,P1,14,6.708,52.48,59.188,3.63,3.63,0.0,1.0,1,20.0,20.0,1.5,41.5,3.0,14.058,0.0,0.0,12306.8,4102.266667
W1_P1,W1,P1,15,11.176,44.8,55.976,3.8202,3.8202,0.0,1.0,1,20.0,20.0,1.5,41.5,3.0,10.6558,0.0,0.0,12055.4,4018.466667
W1_P1,W1,P1,16,10.108,33.28,43.388,3.75,3.75,0.0,0.955133,1,19.102651,19.102651,1.432699,39.638,2.865398,0.0,0.0,0.0,10288.328048,3590.541181
W1_P1,W1,P1,17,6.384,24.32,30.704,3.1398,3.1398,0.0,0.664198,1,13.283952,13.283952,0.996296,27.5642,1.992593,0.0,0.0,0.0,7198.980545,3612.870953
W1_P1,W1,P1,18,6.428,11.52,17.948,2.61,2.61,0.0,0.36959,1,7.391807,7.391807,0.554386,15.338,1.108771,0.0,0.0,0.0,4195.660578,3784.06385
W1_P1,W1,P1,19,5.736,0.0,5.736,2.1198,2.1198,0.0,0.0,0,0.0,0.0,0.0,0.0,0.0,3.6162,0.0,0.0,860.4,
W1_P1,W1,P1,20,3.752,0.0,3.752,1.86,1.86,0.0,0.0,0,0.0,0.0,0.0,0.0,0.0,1.892,0.0,0.0,562.8,
W1_P1,W1,P1,21,3.692,0.0,3.692,1.6302,1.6302,0.0,0.0,0,0.0,0.0,0.0,0.0,0.0,2.0618,0.0,0.0,553.8,
W1_P1,W1,P1,22,4.88,0.0,4.88,1.56,1.56,0.0,0.0,0,0.0,0.0,0.0,0.0,0.0,3.32,0.0,0.0,732.0,
W1_P1,W1,P1,23,3.192,0.0,3.192,1.4802,1.4802,0.0,0.0,0,0.0,0.0,0.0,0.0,0.0,1.7118,0.0,0.0,478.8,
W1_P2,W1,P2,0,9.776,0.0,9.776,1.3698,1.3698,0.0,0.202559,1,4.051181,4.051181,0.303839,8.4062,0.607677,0.0,0.0,0.0,2479.802858,4080.790313
W1_P2,W1,P2,1,10.904,0.0,10.904,1.0998,1.0998,0.0,0.236246,1,4.724916,4.724916,0.354369,9.8042,0.708737,0.0,0.0,0.0,2817.537653,3975.432726
W1_P2,W1,P2,2,15.152,0.0,15.152,0.7998,0.7998,0.0,0.345836,1,6.916723,6.916723,0.518754,14.3522,1.037508,0.0,0.0,0.0,4003.018231,3858.299462
W1_P2,W1,P2,3,13.312,0.0,13.312,0.99,0.99,0.0,0.296916,1,5.938313,5.938313,0.445373,12.322,0.890747,0.0,0.0,0.0,3482.26906,3909.380674
W1_P2,W1,P2,4,15.072,0.0,15.072,1.1802,1.1802,0.0,0.334742,1,6.694843,6.694843,0.502113,13.8918,1.004227,0.0,0.0,0.0,3935.51507,3918.951597
W1_P2,W1,P2,5,18.724,0.0,18.724,1.6302,1.6302,0.0,0.411899,1,8.237976,8.237976,0.617848,17.0938,1.235696,0.0,0.0,0.0,4869.329672,3940.555082
W1_P2,W1,P2,6,9.628,0.0,9.628,2.5002,2.5002,0.0,0.171754,1,3.435084,3.435084,0.257631,7.1278,0.515263,0.0,0.0,0.0,2303.486347,4470.509058
W1_P2,W1,P2,7,22.804,3.2,26.004,3.3702,3.3702,0.0,0.545393,1,10.907855,10.907855,0.818089,22.6338,1.636178,0.0,0.0,0.0,6533.200034,3992.963347
W1_P2,W1,P2,8,17.852,10.88,28.732,4.0098,4.0098,0.0,0.595716,1,11.914313,11.914313,0.893573,24.7222,1.787147,0.0,0.0,0.0,6963.76546,3896.582378
W1_P2,W1,P2,9,14.328,17.92,32.248,4.2,4.2,0.0,0.675855,1,13.517108,13.517108,1.013783,28.048,2.027566,0.0,0.0,0.0,7680.904675,3788.238543
W1_P2,W1,P2,10,11.904,24.96,36.864,4.1202,4.1202,0.0,0.789007,1,15.780145,15.780145,1.183511,32.7438,2.367022,0.0,0.0,0.0,8728.203166,3687.420025
W1_P2,W1,P2,11,7.736,31.36,39.096,3.9,3.9,0.0,0.848096,1,16.961928,16.961928,1.272145,35.196,2.544289,0.0,0.0,0.0,9166.626217,3602.824071
W1_P2,W1,P2,12,8.556,35.84,44.396,3.2598,3.2598,0.0,0.991234,1,19.824675,19.824675,1.486851,41.1362,2.973701,0.0,0.0,0.0,10543.342376,3545.528501
W1_P2,W1,P2,13,14.52,37.12,51.64,2.6898,2.6898,0.0,1.0,1,20.0,20.0,1.5,41.5,3.0,7.4502,0.0,0.0,11635.4,3878.466667
W1_P2,W1,P2,14,6.708,32.0,38.708,3.63,3.63,0.0,0.845253,1,16.90506,16.90506,1.26788,35.078,2.535759,0.0,0.0,0.0,9075.000819,3578.810403
W1_P2,W1,P2,15,11.176,25.6,36.776,3.8202,3.8202,0.0,0.794116,1,15.882313,15.882313,1.191173,32.9558,2.382347,0.0,0.0,0.0,8721.36066,3660.827203
W1_P2,W1,P2,16,10.108,19.2,29.308,3.75,3.75,0.0,0.615855,1,12.317108,12.317108,0.923783,25.558,1.847566,0.0,0.0,0.0,6901.324675,3735.359757
W1_P2,W1,P2,17,6.384,9.6,15.984,3.1398,3.1398,0.0,0.309499,1,6.189976,6.189976,0.464248,12.8442,0.928496,0.0,0.0,0.0,3658.022472,3939.727208
W1_P2,W1,P2,18,6.428,3.2,9.628,2.61,2.61,0.0,0.169108,1,3.382169,3.382169,0.253663,7.018,0.507325,0.0,0.0,0.0,2194.249494,4325.133181
W1_P2,W1,P2,19,5.736,0.0,5.736,2.1198,2.1198,0.0,0.0,0,0.0,0.0,0.0,0.0,0.0,3.6162,0.0,0.0,860.4,
W1_P2,W1,P2,20,3.752,0.0,3.752,1.86,1.86,0.0,0.0,0,0.0,0.0,0.0,0.0,0.0,1.892,0.0,0.0,562.8,
W1_P2,W1,P2,21,3.692,0.0,3.692,1.6302,1.6302,0.0,0.0,0,0.0,0.0,0.0,0.0,0.0,2.0618,0.0,0.0,553.8,
W1_P2,W1,P2,22,4.88,0.0,4.88,1.56,1.56,0.0,0.0,0,0.0,0.0,0.0,0.0,0.0,3.32,0.0,0.0,732.0,
W1_P2,W1,P2,23,3.192,0.0,3.192,1.4802,1.4802,0.0,0.0,0,0.0,0.0,0.0,0.0,0.0,1.7118,0.0,0.0,478.8,
W1_P3,W1,P3,0,9.776,0.0,9.776,1.3698,1.3698,0.0,0.202559,1,4.051181,4.051181,0.303839,8.4062,0.607677,0.0,0.0,0.0,2479.802858,4080.790313
W1_P3,W1,P3,1,10.904,0.0,10.904,1.0998,1.0998,0.0,0.236246,1,4.724916,4.724916,0.354369,9.8042,0.708737,0.0,0.0,0.0,2817.537653,3975.432726
W1_P3,W1,P3,2,15.152,0.0,15.152,0.7998,0.7998,0.0,0.345836,1,6.916723,6.916723,0.518754,14.3522,1.037508,0.0,0.0,0.0,4003.018231,3858.299462
W1_P3,W1,P3,3,13.312,0.0,13.312,0.99,0.99,0.0,0.296916,1,5.938313,5.938313,0.445373,12.322,0.890747,0.0,0.0,0.0,3482.26906,3909.380674
W1_P3,W1,P3,4,15.072,0.0,15.072,1.1802,1.1802,0.0,0.334742,1,6.694843,6.694843,0.502113,13.8918,1.004227,0.0,0.0,0.0,3935.51507,3918.951597
W1_P3,W1,P3,5,18.724,0.0,18.724,1.6302,1.6302,0.0,0.411899,1,8.237976,8.237976,0.617848,17.0938,1.235696,0.0,0.0,0.0,4869.329672,3940.555082
W1_P3,W1,P3,6,9.628,0.0,9.628,2.5002,2.5002,0.0,0.171754,1,3.435084,3.435084,0.257631,7.1278,0.515263,0.0,0.0,0.0,2303.486347,4470.509058
W1_P3,W1,P3,7,22.804,1.28,24.084,3.3702,3.3702,0.0,0.499128,1,9.982554,9.982554,0.748692,20.7138,1.497383,0.0,0.0,0.0,6071.335937,4054.630913
W1_P3,W1,P3,8,17.852,3.2,21.052,4.0098,4.0098,0.0,0.410655,1,8.213108,8.213108,0.615983,17.0422,1.231966,0.0,0.0,0.0,5116.309075,4152.961992
W1_P3,W1,P3,9,14.328,5.12,19.448,4.2,4.2,0.0,0.367422,1,7.348434,7.348434,0.551133,15.248,1.102265,0.0,0.0,0.0,4601.810699,4174.867611
W1_P3,W1,P3,10,11.904,7.68,19.584,4.1202,4.1202,0.0,0.372622,1,7.452434,7.452434,0.558933,15.4638,1.117865,0.0,0.0,0.0,4571.426299,4089.425872
W1_P3,W1,P3,11,7.736,11.52,19.256,3.9,3.9,0.0,0.370024,1,7.400482,7.400482,0.555036,15.356,1.110072,0.0,0.0,0.0,4394.030554,3958.328297
W1_P3,W1,P3,12,8.556,14.08,22.636,3.2598,3.2598,0.0,0.466896,1,9.337928,9.337928,0.700345,19.3762,1.400689,0.0,0.0,0.0,5308.882617,3790.193271
W1_P3,W1,P3,13,14.52,14.08,28.6,2.6898,2.6898,0.0,0.624342,1,12.486843,12.486843,0.936513,25.9102,1.873027,0.0,0.0,0.0,6991.18387,3732.560029
W1_P3,W1,P3,14,6.708,11.52,18.228,3.63,3.63,0.0,0.351759,1,7.035181,7.035181,0.527639,14.598,1.055277,0.0,0.0,0.0,4148.450458,3931.147965
W1_P3,W1,P3,15,11.176,7.04,18.216,3.8202,3.8202,0.0,0.346887,1,6.937735,6.937735,0.52033,14.3958,1.04066,0.0,0.0,0.0,4256.674395,4090.359396
W1_P3,W1,P3,16,10.108,5.12,15.228,3.75,3.75,0.0,0.276578,1,5.531566,5.531566,0.414867,11.478,0.829735,0.0,0.0,0.0,3514.321301,4235.474647
W1_P3,W1,P3,17,6.384,3.2,9.584,3.1398,3.1398,0.0,0.155282,1,3.105639,3.105639,0.232923,6.4442,0.465846,0.0,0.0,0.0,2118.475484,4547.589698
W1_P3,W1,P3,18,6.428,1.28,7.708,2.61,2.61,0.0,0.122843,1,2.456867,2.456867,0.184265,5.098,0.36853,0.0,0.0,0.0,1732.385398,4700.797306
W1_P3,W1,P3,19,5.736,0.0,5.736,2.1198,2.1198,0.0,0.0,0,0.0,0.0,0.0,0.0,0.0,3.6162,0.0,0.0,860.4,
W1_P3,W1,P3,20,3.752,0.0,3.752,1.86,1.86,0.0,0.0,0,0.0,0.0,0.0,0.0,0.0,1.892,0.0,0.0,562.8,
W1_P3,W1,P3,21,3.692,0.0,3.692,1.6302,1.6302,0.0,0.0,0,0.0,0.0,0.0,0.0,0.0,2.0618,0.0,0.0,553.8,
W1_P3,W1,P3,22,4.88,0.0,4.88,1.56,1.56,0.0,0.0,0,0.0,0.0,0.0,0.0,0.0,3.32,0.0,0.0,732.0,
W1_P3,W1,P3,23,3.192,0.0,3.192,1.4802,1.4802,0.0,0.0,0,0.0,0.0,0.0,0.0,0.0,1.7118,0.0,0.0,478.8,
W1_P4,W1,P4,0,9.776,0.0,9.776,1.3698,1.3698,0.0,0.202559,1,4.051181,4.051181,0.303839,8.4062,0.607677,0.0,0.0,0.0,2479.802858,4080.790313
W1_P4,W1,P4,1,10.904,0.0,10.904,1.0998,1.0998,0.0,0.236246,1,4.724916,4.724916,0.354369,9.8042,0.708737,0.0,0.0,0.0,2817.537653,3975.432726
W1_P4,W1,P4,2,15.152,0.0,15.152,0.7998,0.7998,0.0,0.345836,1,6.916723,6.916723,0.518754,14.3522,1.037508,0.0,0.0,0.0,4003.018231,3858.299462
W1_P4,W1,P4,3,13.312,0.0,13.312,0.99,0.99,0.0,0.296916,1,5.938313,5.938313,0.445373,12.322,0.890747,0.0,0.0,0.0,3482.26906,3909.380674
W1_P4,W1,P4,4,15.072,0.0,15.072,1.1802,1.1802,0.0,0.334742,1,6.694843,6.694843,0.502113,13.8918,1.004227,0.0,0.0,0.0,3935.51507,3918.951597
W1_P4,W1,P4,5,18.724,0.0,18.724,1.6302,1.6302,0.0,0.411899,1,8.237976,8.237976,0.617848,17.0938,1.235696,0.0,0.0,0.0,4869.329672,3940.555082
W1_P4,W1,P4,6,9.628,0.0,9.628,2.5002,2.5002,0.0,0.171754,1,3.435084,3.435084,0.257631,7.1278,0.515263,0.0,0.0,0.0,2303.486347,4470.509058
W1_P4,W1,P4,7,22.804,0.0,22.804,3.3702,3.3702,0.0,0.468284,1,9.365687,9.365687,0.702427,19.4338,1.404853,0.0,0.0,0.0,5763.42654,4102.512142
W1_P4,W1,P4,8,17.852,0.0,17.852,4.0098,4.0098,0.0,0.333547,1,6.67094,6.67094,0.50032,13.8422,1.000641,0.0,0.0,0.0,4346.535581,4343.751393
W1_P4,W1,P4,9,14.328,0.0,14.328,4.2,4.2,0.0,0.244048,1,4.880964,4.880964,0.366072,10.128,0.732145,0.0,0.0,0.0,3370.173108,4603.152449
W1_P4,W1,P4,10,11.904,0.0,11.904,4.1202,4.1202,0.0,0.187561,1,3.751229,3.751229,0.281342,7.7838,0.562684,0.0,0.0,0.0,2723.969913,4841.026722
W1_P4,W1,P4,11,7.736,1.28,9.016,3.9,3.9,0.0,0.123277,1,2.465542,2.465542,0.184916,5.116,0.369831,0.0,0.0,0.0,1930.755373,5220.637738
W1_P4,W1,P4,12,8.556,5.12,13.676,3.2598,3.2598,0.0,0.250993,1,5.019855,5.019855,0.376489,10.4162,0.752978,0.0,0.0,0.0,3153.516834,4188.05798
W1_P4,W1,P4,13,14.52,7.68,22.2,2.6898,2.6898,0.0,0.470125,1,9.402506,9.402506,0.705188,19.5102,1.410376,0.0,0.0,0.0,5451.636882,3865.378633
W1_P4,W1,P4,14,6.708,5.12,11.828,3.63,3.63,0.0,0.197542,1,3.950843,3.950843,0.296313,8.198,0.592627,0.0,0.0,0.0,2608.90347,4402.272668
W1_P4,W1,P4,15,11.176,1.28,12.456,3.8202,3.8202,0.0,0.208092,1,4.161831,4.161831,0.312137,8.6358,0.624275,0.0,0.0,0.0,2871.082106,4599.068506
W1_P4,W1,P4,16,10.108,0.0,10.108,3.75,3.75,0.0,0.153205,1,3.064096,3.064096,0.229807,6.358,0.459614,0.0,0.0,0.0,2282.683711,4966.518507
W1_P4,W1,P4,17,6.384,0.0,6.384,3.1398,3.1398,0.0,0.0,0,0.0,0.0,0.0,0.0,0.0,3.2442,0.0,0.0,957.6,
W1_P4,W1,P4,18,6.428,0.0,6.428,2.61,2.61,0.0,0.0,0,0.0,0.0,0.0,0.0,0.0,3.818,0.0,0.0,964.2,
W1_P4,W1,P4,19,5.736,0.0,5.736,2.1198,2.1198,0.0,0.0,0,0.0,0.0,0.0,0.0,0.0,3.6162,0.0,0.0,860.4,
W1_P4,W1,P4,20,3.752,0.0,3.752,1.86,1.86,0.0,0.0,0,0.0,0.0,0.0,0.0,0.0,1.892,0.0,0.0,562.8,
W1_P4,W1,P4,21,3.692,0.0,3.692,1.6302,1.6302,0.0,0.0,0,0.0,0.0,0.0,0.0,0.0,2.0618,0.0,0.0,553.8,
W1_P4,W1,P4,22,4.88,0.0,4.88,1.56,1.56,0.0,0.0,0,0.0,0.0,0.0,0.0,0.0,3.32,0.0,0.0,732.0,
W1_P4,W1,P4,23,3.192,0.0,3.192,1.4802,1.4802,0.0,0.0,0,0.0,0.0,0.0,0.0,0.0,1.7118,0.0,0.0,478.8,
W2_P1,W2,P1,0,5.312,0.0,5.312,1.3698,1.3698,0.0,0.0,0,0.0,0.0,0.0,0.0,0.0,3.9422,0.0,0.0,796.8,
W2_P1,W2,P1,1,8.5,0.0,8.5,1.0998,1.0998,0.0,0.178318,1,3.566361,3.566361,0.267477,7.4002,0.534954,0.0,0.0,0.0,2167.125316,4051.048197
W2_P1,W2,P1,2,9.38,0.0,9.38,0.7998,0.7998,0.0,0.206752,1,4.135036,4.135036,0.310128,8.5802,0.620255,0.0,0.0,0.0,2441.379292,3936.086983
W2_P1,W2,P1,3,10.304,0.0,10.304,0.99,0.99,0.0,0.224434,1,4.488675,4.488675,0.336651,9.314,0.673301,0.0,0.0,0.0,2668.441976,3963.221745
W2_P1,W2,P1,4,9.9,0.0,9.9,1.1802,1.1802,0.0,0.210116,1,4.202313,4.202313,0.315173,8.7198,0.630347,0.0,0.0,0.0,2536.20866,4023.511984
W2_P1,W2,P1,5,9.62,0.0,9.62,1.6302,1.6302,0.0,0.192525,1,3.850506,3.850506,0.288788,7.9898,0.577576,0.0,0.0,0.0,2406.204082,4166.039592
W2_P1,W2,P1,6,9.14,14.08,23.22,2.5002,2.5002,0.0,0.499272,1,9.985446,9.985446,0.748908,20.7198,1.497817,0.0,0.0,0.0,5558.459263,3711.040637
W2_P1,W2,P1,7,7.64,25.6,33.24,3.3702,3.3702,0.0,0.719754,1,14.395084,14.395084,1.079631,29.8698,2.159263,0.0,0.0,0.0,7818.930347,3621.111283
W2_P1,W2,P1,8,4.748,37.12,41.868,4.0098,4.0098,0.0,0.912246,1,18.244916,18.244916,1.368369,37.8582,2.736737,0.0,0.0,0.0,9730.565653,3555.535081
W2_P1,W2,P1,9,4.86,46.08,50.94,4.2,4.2,0.0,1.0,1,20.0,20.0,1.5,41.5,3.0,5.24,0.0,0.0,11261.6,3753.866667
W2_P1,W2,P1,10,5.336,52.48,57.816,4.1202,4.1202,0.0,1.0,1,20.0,20.0,1.5,41.5,3.0,12.1958,0.0,0.0,12101.0,4033.666667
W2_P1,W2,P1,11,4.292,55.04,59.332,3.9,3.9,0.0,1.0,1,20.0,20.0,1.5,41.5,3.0,13.932,0.0,0.0,12251.6,4083.866667
W2_P1,W2,P1,12,4.168,56.32,60.488,3.2598,3.2598,0.0,1.0,1,20.0,20.0,1.5,41.5,3.0,15.7282,0.0,0.0,12386.6,4128.866667
W2_P1,W2,P1,13,6.788,56.32,63.108,2.6898,2.6898,0.0,1.0,1,20.0,20.0,1.5,41.5,3.0,18.9182,0.0,0.0,12779.6,4259.866667
W2_P1,W2,P1,14,8.364,52.48,60.844,3.63,3.63,0.0,1.0,1,20.0,20.0,1.5,41.5,3.0,15.714,0.0,0.0,12555.2,4185.066667
W2_P1,W2,P1,15,8.404,44.8,53.204,3.8202,3.8202,0.0,1.0,1,20.0,20.0,1.5,41.5,3.0,7.8838,0.0,0.0,11639.6,3879.866667
W2_P1,W2,P1,16,5.896,33.28,39.176,3.75,3.75,0.0,0.853639,1,17.072771,17.072771,1.280458,35.426,2.560916,0.0,0.0,0.0,9148.753687,3572.454111
W2_P1,W2,P1,17,6.608,24.32,30.928,3.1398,3.1398,0.0,0.669595,1,13.391904,13.391904,1.004393,27.7882,2.008786,0.0,0.0,0.0,7259.584689,3613.917233
W2_P1,W2,P1,18,6.252,11.52,17.772,2.61,2.61,0.0,0.365349,1,7.306988,7.306988,0.548024,15.162,1.096048,0.0,0.0,0.0,4148.043036,3784.544387
W2_P1,W2,P1,19,4.312,0.0,4.312,2.1198,2.1198,0.0,0.0,0,0.0,0.0,0.0,0.0,0.0,2.1922,0.0,0.0,646.8,
W2_P1,W2,P1,20,2.328,0.0,2.328,1.86,1.86,0.0,0.0,0,0.0,0.0,0.0,0.0,0.0,0.468,0.0,0.0,349.2,
W2_P1,W2,P1,21,1.492,0.0,1.492,1.6302,1.492,0.1382,0.0,0,0.0,0.0,0.0,0.0,0.0,0.0,0.0,0.0,223.8,
W2_P1,W2,P1,22,2.124,0.0,2.124,1.56,1.56,0.0,0.0,0,0.0,0.0,0.0,0.0,0.0,0.564,0.0,0.0,318.6,
W2_P1,W2,P1,23,3.696,0.0,3.696,1.4802,1.4802,0.0,0.0,0,0.0,0.0,0.0,0.0,0.0,2.2158,0.0,0.0,554.4,
W2_P2,W2,P2,0,5.312,0.0,5.312,1.3698,1.3698,0.0,0.0,0,0.0,0.0,0.0,0.0,0.0,3.9422,0.0,0.0,796.8,
W2_P2,W2,P2,1,8.5,0.0,8.5,1.0998,1.0998,0.0,0.178318,1,3.566361,3.566361,0.267477,7.4002,0.534954,0.0,0.0,0.0,2167.125316,4051.048197
W2_P2,W2,P2,2,9.38,0.0,9.38,0.7998,0.7998,0.0,0.206752,1,4.135036,4.135036,0.310128,8.5802,0.620255,0.0,0.0,0.0,2441.379292,3936.086983
W2_P2,W2,P2,3,10.304,0.0,10.304,0.99,0.99,0.0,0.224434,1,4.488675,4.488675,0.336651,9.314,0.673301,0.0,0.0,0.0,2668.441976,3963.221745
W2_P2,W2,P2,4,9.9,0.0,9.9,1.1802,1.1802,0.0,0.210116,1,4.202313,4.202313,0.315173,8.7198,0.630347,0.0,0.0,0.0,2536.20866,4023.511984
W2_P2,W2,P2,5,9.62,0.0,9.62,1.6302,1.6302,0.0,0.192525,1,3.850506,3.850506,0.288788,7.9898,0.577576,0.0,0.0,0.0,2406.204082,4166.039592
W2_P2,W2,P2,6,9.14,0.0,9.14,2.5002,2.5002,0.0,0.159995,1,3.199904,3.199904,0.239993,6.6398,0.479986,0.0,0.0,0.0,2171.455889,4524.002701
W2_P2,W2,P2,7,7.64,3.2,10.84,3.3702,3.3702,0.0,0.179995,1,3.599904,3.599904,0.269993,7.4698,0.539986,0.0,0.0,0.0,2430.515889,4501.075861
W2_P2,W2,P2,8,4.748,10.88,15.628,4.0098,4.0098,0.0,0.279957,1,5.599133,5.599133,0.419935,11.6182,0.83987,0.0,0.0,0.0,3418.423002,4070.181686
W2_P2,W2,P2,9,4.86,17.92,22.78,4.2,4.2,0.0,0.447711,1,8.954217,8.954217,0.671566,18.58,1.343133,0.0,0.0,0.0,5119.297349,3811.461069
W2_P2,W2,P2,10,5.336,24.96,30.296,4.1202,4.1202,0.0,0.630742,1,12.614843,12.614843,0.946113,26.1758,1.892227,0.0,0.0,0.0,6951.20307,3673.557604
W2_P2,W2,P2,11,4.292,31.36,35.652,3.9,3.9,0.0,0.765108,1,15.302169,15.302169,1.147663,31.752,2.295325,0.0,0.0,0.0,8234.837494,3587.655959
W2_P2,W2,P2,12,4.168,35.84,40.008,3.2598,3.2598,0.0,0.885499,1,17.709976,17.709976,1.328248,36.7482,2.656496,0.0,0.0,0.0,9356.150472,3521.988783
W2_P2,W2,P2,13,6.788,37.12,43.908,2.6898,2.6898,0.0,0.99321,1,19.864193,19.864193,1.489814,41.2182,2.979629,0.0,0.0,0.0,10441.627822,3504.338331
W2_P2,W2,P2,14,8.364,32.0,40.364,3.63,3.63,0.0,0.885157,1,17.703133,17.703133,1.327735,36.734,2.65547,0.0,0.0,0.0,9523.038602,3586.197183
W2_P2,W2,P2,15,8.404,25.6,34.004,3.8202,3.8202,0.0,0.72732,1,14.54641,14.54641,1.090981,30.1838,2.181961,0.0,0.0,0.0,7971.384371,3653.311284
W2_P2,W2,P2,16,5.896,19.2,25.096,3.75,3.75,0.0,0.514361,1,10.287229,10.287229,0.771542,21.346,1.543084,0.0,0.0,0.0,5761.750313,3733.917955
W2_P2,W2,P2,17,6.608,9.6,16.208,3.1398,3.1398,0.0,0.314896,1,6.297928,6.297928,0.472345,13.0682,0.944689,0.0,0.0,0.0,3718.626617,3936.349423
W2_P2,W2,P2,18,6.252,3.2,9.452,2.61,2.61,0.0,0.164867,1,3.297349,3.297349,0.247301,6.842,0.494602,0.0,0.0,0.0,2146.631952,4340.116243
W2_P2,W2,P2,19,4.312,0.0,4.312,2.1198,2.1198,0.0,0.0,0,0.0,0.0,0.0,0.0,0.0,2.1922,0.0,0.0,646.8,
W2_P2,W2,P2,20,2.328,0.0,2.328,1.86,1.86,0.0,0.0,0,0.0,0.0,0.0,0.0,0.0,0.468,0.0,0.0,349.2,
W2_P2,W2,P2,21,1.492,0.0,1.492,1.6302,1.492,0.1382,0.0,0,0.0,0.0,0.0,0.0,0.0,0.0,0.0,0.0,223.8,
W2_P2,W2,P2,22,2.124,0.0,2.124,1.56,1.56,0.0,0.0,0,0.0,0.0,0.0,0.0,0.0,0.564,0.0,0.0,318.6,
W2_P2,W2,P2,23,3.696,0.0,3.696,1.4802,1.4802,0.0,0.0,0,0.0,0.0,0.0,0.0,0.0,2.2158,0.0,0.0,554.4,
W2_P3,W2,P3,0,5.312,0.0,5.312,1.3698,1.3698,0.0,0.0,0,0.0,0.0,0.0,0.0,0.0,3.9422,0.0,0.0,796.8,
W2_P3,W2,P3,1,8.5,0.0,8.5,1.0998,1.0998,0.0,0.178318,1,3.566361,3.566361,0.267477,7.4002,0.534954,0.0,0.0,0.0,2167.125316,4051.048197
W2_P3,W2,P3,2,9.38,0.0,9.38,0.7998,0.7998,0.0,0.206752,1,4.135036,4.135036,0.310128,8.5802,0.620255,0.0,0.0,0.0,2441.379292,3936.086983
W2_P3,W2,P3,3,10.304,0.0,10.304,0.99,0.99,0.0,0.224434,1,4.488675,4.488675,0.336651,9.314,0.673301,0.0,0.0,0.0,2668.441976,3963.221745
W2_P3,W2,P3,4,9.9,0.0,9.9,1.1802,1.1802,0.0,0.210116,1,4.202313,4.202313,0.315173,8.7198,0.630347,0.0,0.0,0.0,2536.20866,4023.511984
W2_P3,W2,P3,5,9.62,0.0,9.62,1.6302,1.6302,0.0,0.192525,1,3.850506,3.850506,0.288788,7.9898,0.577576,0.0,0.0,0.0,2406.204082,4166.039592
W2_P3,W2,P3,6,9.14,0.0,9.14,2.5002,2.5002,0.0,0.159995,1,3.199904,3.199904,0.239993,6.6398,0.479986,0.0,0.0,0.0,2171.455889,4524.002701
W2_P3,W2,P3,7,7.64,1.28,8.92,3.3702,3.3702,0.0,0.13373,1,2.674602,2.674602,0.200595,5.5498,0.40119,0.0,0.0,0.0,1968.651793,4907.026644
W2_P3,W2,P3,8,4.748,3.2,7.948,4.0098,4.0098,0.0,0.0,0,0.0,0.0,0.0,0.0,0.0,3.9382,0.0,0.0,1096.2,
W2_P3,W2,P3,9,4.86,5.12,9.98,4.2,4.2,0.0,0.139277,1,2.785542,2.785542,0.208916,5.78,0.417831,0.0,0.0,0.0,2040.203373,4882.839677
W2_P3,W2,P3,10,5.336,7.68,13.016,4.1202,4.1202,0.0,0.214357,1,4.287133,4.287133,0.321535,8.8958,0.64307,0.0,0.0,0.0,2794.426202,4345.447192
W2_P3,W2,P3,11,4.292,11.52,15.812,3.9,3.9,0.0,0.287036,1,5.740723,5.740723,0.430554,11.912,0.861108,0.0,0.0,0.0,3462.241831,4020.680434
W2_P3,W2,P3,12,4.168,14.08,18.248,3.2598,3.2598,0.0,0.361161,1,7.223229,7.223229,0.541742,14.9882,1.083484,0.0,0.0,0.0,4121.690713,3804.107333
W2_P3,W2,P3,13,6.788,14.08,20.868,2.6898,2.6898,0.0,0.438029,1,8.760578,8.760578,0.657043,18.1782,1.314087,0.0,0.0,0.0,4899.258665,3728.261225
W2_P3,W2,P3,14,8.364,11.52,19.884,3.63,3.63,0.0,0.391663,1,7.833253,7.833253,0.587494,16.254,1.174988,0.0,0.0,0.0,4596.488241,3911.944998
W2_P3,W2,P3,15,8.404,7.04,15.444,3.8202,3.8202,0.0,0.280092,1,5.601831,5.601831,0.420137,11.6238,0.840275,0.0,0.0,0.0,3506.698106,4173.275848
W2_P3,W2,P3,16,5.896,5.12,11.016,3.75,3.75,0.0,0.175084,1,3.501687,3.501687,0.262627,7.266,0.525253,0.0,0.0,0.0,2374.74694,4521.148637
W2_P3,W2,P3,17,6.608,3.2,9.808,3.1398,3.1398,0.0,0.16068,1,3.21359,3.21359,0.241019,6.6682,0.482039,0.0,0.0,0.0,2179.079629,4520.550503
W2_P3,W2,P3,18,6.252,1.28,7.532,2.61,2.61,0.0,0.118602,1,2.372048,2.372048,0.177904,4.922,0.355807,0.0,0.0,0.0,1684.767855,4735.057971
W2_P3,W2,P3,19,4.312,0.0,4.312,2.1198,2.1198,0.0,0.0,0,0.0,0.0,0.0,0.0,0.0,2.1922,0.0,0.0,646.8,
W2_P3,W2,P3,20,2.328,0.0,2.328,1.86,1.86,0.0,0.0,0,0.0,0.0,0.0,0.0,0.0,0.468,0.0,0.0,349.2,
W2_P3,W2,P3,21,1.492,0.0,1.492,1.6302,1.492,0.1382,0.0,0,0.0,0.0,0.0,0.0,0.0,0.0,0.0,0.0,223.8,
W2_P3,W2,P3,22,2.124,0.0,2.124,1.56,1.56,0.0,0.0,0,0.0,0.0,0.0,0.0,0.0,0.564,0.0,0.0,318.6,
W2_P3,W2,P3,23,3.696,0.0,3.696,1.4802,1.4802,0.0,0.0,0,0.0,0.0,0.0,0.0,0.0,2.2158,0.0,0.0,554.4,
W2_P4,W2,P4,0,5.312,0.0,5.312,1.3698,1.3698,0.0,0.0,0,0.0,0.0,0.0,0.0,0.0,3.9422,0.0,0.0,796.8,
W2_P4,W2,P4,1,8.5,0.0,8.5,1.0998,1.0998,0.0,0.178318,1,3.566361,3.566361,0.267477,7.4002,0.534954,0.0,0.0,0.0,2167.125316,4051.048197
W2_P4,W2,P4,2,9.38,0.0,9.38,0.7998,0.7998,0.0,0.206752,1,4.135036,4.135036,0.310128,8.5802,0.620255,0.0,0.0,0.0,2441.379292,3936.086983
W2_P4,W2,P4,3,10.304,0.0,10.304,0.99,0.99,0.0,0.224434,1,4.488675,4.488675,0.336651,9.314,0.673301,0.0,0.0,0.0,2668.441976,3963.221745
W2_P4,W2,P4,4,9.9,0.0,9.9,1.1802,1.1802,0.0,0.210116,1,4.202313,4.202313,0.315173,8.7198,0.630347,0.0,0.0,0.0,2536.20866,4023.511984
W2_P4,W2,P4,5,9.62,0.0,9.62,1.6302,1.6302,0.0,0.192525,1,3.850506,3.850506,0.288788,7.9898,0.577576,0.0,0.0,0.0,2406.204082,4166.039592
W2_P4,W2,P4,6,9.14,0.0,9.14,2.5002,2.5002,0.0,0.159995,1,3.199904,3.199904,0.239993,6.6398,0.479986,0.0,0.0,0.0,2171.455889,4524.002701
W2_P4,W2,P4,7,7.64,0.0,7.64,3.3702,3.3702,0.0,0.102887,1,2.057735,2.057735,0.15433,4.2698,0.30866,0.0,0.0,0.0,1660.742395,5380.486939
W2_P4,W2,P4,8,4.748,0.0,4.748,4.0098,4.0098,0.0,0.0,0,0.0,0.0,0.0,0.0,0.0,0.7382,0.0,0.0,712.2,
W2_P4,W2,P4,9,4.86,0.0,4.86,4.2,4.2,0.0,0.0,0,0.0,0.0,0.0,0.0,0.0,0.66,0.0,0.0,729.0,
W2_P4,W2,P4,10,5.336,0.0,5.336,4.1202,4.1202,0.0,0.0,0,0.0,0.0,0.0,0.0,0.0,1.2158,0.0,0.0,800.4,
W2_P4,W2,P4,11,4.292,1.28,5.572,3.9,3.9,0.0,0.0,0,0.0,0.0,0.0,0.0,0.0,1.672,0.0,0.0,797.4,
W2_P4,W2,P4,12,4.168,5.12,9.288,3.2598,3.2598,0.0,0.145258,1,2.905157,2.905157,0.217887,6.0282,0.435773,0.0,0.0,0.0,1966.32493,4512.263727
W2_P4,W2,P4,13,6.788,7.68,14.468,2.6898,2.6898,0.0,0.283812,1,5.676241,5.676241,0.425718,11.7782,0.851436,0.0,0.0,0.0,3359.711677,3945.934993
W2_P4,W2,P4,14,8.364,5.12,13.484,3.63,3.63,0.0,0.237446,1,4.748916,4.748916,0.356169,9.854,0.712337,0.0,0.0,0.0,3056.941253,4291.423517
W2_P4,W2,P4,15,8.404,1.28,9.684,3.8202,3.8202,0.0,0.141296,1,2.825928,2.825928,0.211945,5.8638,0.423889,0.0,0.0,0.0,2121.105817,5003.916198
W2_P4,W2,P4,16,5.896,0.0,5.896,3.75,3.75,0.0,0.0,0,0.0,0.0,0.0,0.0,0.0,2.146,0.0,0.0,884.4,
W2_P4,W2,P4,17,6.608,0.0,6.608,3.1398,3.1398,0.0,0.0,0,0.0,0.0,0.0,0.0,0.0,3.4682,0.0,0.0,991.2,
W2_P4,W2,P4,18,6.252,0.0,6.252,2.61,2.61,0.0,0.0,0,0.0,0.0,0.0,0.0,0.0,3.642,0.0,0.0,937.8,
W2_P4,W2,P4,19,4.312,0.0,4.312,2.1198,2.1198,0.0,0.0,0,0.0,0.0,0.0,0.0,0.0,2.1922,0.0,0.0,646.8,
W2_P4,W2,P4,20,2.328,0.0,2.328,1.86,1.86,0.0,0.0,0,0.0,0.0,0.0,0.0,0.0,0.468,0.0,0.0,349.2,
W2_P4,W2,P4,21,1.492,0.0,1.492,1.6302,1.492,0.1382,0.0,0,0.0,0.0,0.0,0.0,0.0,0.0,0.0,0.0,223.8,
W2_P4,W2,P4,22,2.124,0.0,2.124,1.56,1.56,0.0,0.0,0,0.0,0.0,0.0,0.0,0.0,0.564,0.0,0.0,318.6,
W2_P4,W2,P4,23,3.696,0.0,3.696,1.4802,1.4802,0.0,0.0,0,0.0,0.0,0.0,0.0,0.0,2.2158,0.0,0.0,554.4,
W3_P1,W3,P1,0,11.904,0.0,11.904,1.3698,1.3698,0.0,0.253836,1,5.076723,5.076723,0.380754,10.5342,0.761508,0.0,0.0,0.0,3055.542231,4012.486397
W3_P1,W3,P1,1,13.384,0.0,13.384,1.0998,1.0998,0.0,0.296005,1,5.920096,5.920096,0.444007,12.2842,0.888014,0.0,0.0,0.0,3488.512111,3928.440669
W3_P1,W3,P1,2,14.268,0.0,14.268,0.7998,0.7998,0.0,0.324535,1,6.490699,6.490699,0.486802,13.4682,0.973605,0.0,0.0,0.0,3763.848304,3865.889146
W3_P1,W3,P1,3,15.72,0.0,15.72,0.99,0.99,0.0,0.35494,1,7.098795,7.098795,0.53241,14.73,1.064819,0.0,0.0,0.0,4133.763614,3882.126952
W3_P1,W3,P1,4,15.088,0.0,15.088,1.1802,1.1802,0.0,0.335128,1,6.702554,6.702554,0.502692,13.9078,1.005383,0.0,0.0,0.0,3939.843937,3918.748793
W3_P1,W3,P1,5,13.476,0.0,13.476,1.6302,1.6302,0.0,0.285441,1,5.708819,5.708819,0.428161,11.8458,0.856323,0.0,0.0,0.0,3449.461142,4028.224839
W3_P1,W3,P1,6,13.832,14.08,27.912,2.5002,2.5002,0.0,0.612333,1,12.246651,12.246651,0.918499,25.4118,1.836998,0.0,0.0,0.0,6827.899648,3716.880024
W3_P1,W3,P1,7,12.76,25.6,38.36,3.3702,3.3702,0.0,0.843128,1,16.862554,16.862554,1.264692,34.9898,2.529383,0.0,0.0,0.0,9204.167937,3638.898283
W3_P1,W3,P1,8,10.712,37.12,47.832,4.0098,4.0098,0.0,1.0,1,20.0,20.0,1.5,41.5,3.0,2.3222,0.0,0.0,11064.2,3688.066667
W3_P1,W3,P1,9,11.916,46.08,57.996,4.2,4.2,0.0,1.0,1,20.0,20.0,1.5,41.5,3.0,12.296,0.0,0.0,12320.0,4106.666667
W3_P1,W3,P1,10,8.804,52.48,61.284,4.1202,4.1202,0.0,1.0,1,20.0,20.0,1.5,41.5,3.0,15.6638,0.0,0.0,12621.2,4207.066667
W3_P1,W3,P1,11,9.3,55.04,64.34,3.9,3.9,0.0,1.0,1,20.0,20.0,1.5,41.5,3.0,18.94,0.0,0.0,13002.8,4334.266667
W3_P1,W3,P1,12,9.012,56.32,65.332,3.2598,3.2598,0.0,1.0,1,20.0,20.0,1.5,41.5,3.0,20.5722,0.0,0.0,13113.2,4371.066667
W3_P1,W3,P1,13,10.704,56.32,67.024,2.6898,2.6898,0.0,1.0,1,20.0,20.0,1.5,41.5,3.0,22.8342,0.0,0.0,13367.0,4455.666667
W3_P1,W3,P1,14,10.604,52.48,63.084,3.63,3.63,0.0,1.0,1,20.0,20.0,1.5,41.5,3.0,17.954,0.0,0.0,12891.2,4297.066667
W3_P1,W3,P1,15,14.552,44.8,59.352,3.8202,3.8202,0.0,1.0,1,20.0,20.0,1.5,41.5,3.0,14.0318,0.0,0.0,12561.8,4187.266667
W3_P1,W3,P1,16,13.724,33.28,47.004,3.75,3.75,0.0,1.0,1,20.0,20.0,1.5,41.5,3.0,1.754,0.0,0.0,11055.2,3685.066667
W3_P1,W3,P1,17,12.348,24.32,36.668,3.1398,3.1398,0.0,0.807908,1,16.158169,16.158169,1.211863,33.5282,2.423725,0.0,0.0,0.0,8812.565894,3635.95903
W3_P1,W3,P1,18,12.152,11.52,23.672,2.61,2.61,0.0,0.507518,1,10.150361,10.150361,0.761277,21.062,1.522554,0.0,0.0,0.0,5744.312916,3772.813376
W3_P1,W3,P1,19,9.236,0.0,9.236,2.1198,2.1198,0.0,0.171475,1,3.429494,3.429494,0.257212,7.1162,0.514424,0.0,0.0,0.0,2243.287918,4360.775348
W3_P1,W3,P1,20,7.228,0.0,7.228,1.86,1.86,0.0,0.129349,1,2.586988,2.586988,0.194024,5.368,0.388048,0.0,0.0,0.0,1731.335036,4461.649528
W3_P1,W3,P1,21,6.252,0.0,6.252,1.6302,1.6302,0.0,0.111369,1,2.227373,2.227373,0.167053,4.6218,0.334106,0.0,0.0,0.0,1494.97748,4474.560085
W3_P1,W3,P1,22,6.452,0.0,6.452,1.56,1.56,0.0,0.11788,1,2.35759,2.35759,0.176819,4.892,0.353639,0.0,0.0,0.0,1557.551229,4404.359226
W3_P1,W3,P1,23,7.972,0.0,7.972,1.4802,1.4802,0.0,0.156429,1,3.128578,3.128578,0.234643,6.4918,0.469287,0.0,0.0,0.0,1978.413865,4215.788913
W3_P2,W3,P2,0,11.904,0.0,11.904,1.3698,1.3698,0.0,0.253836,1,5.076723,5.076723,0.380754,10.5342,0.761508,0.0,0.0,0.0,3055.542231,4012.486397
W3_P2,W3,P2,1,13.384,0.0,13.384,1.0998,1.0998,0.0,0.296005,1,5.920096,5.920096,0.444007,12.2842,0.888014,0.0,0.0,0.0,3488.512111,3928.440669
W3_P2,W3,P2,2,14.268,0.0,14.268,0.7998,0.7998,0.0,0.324535,1,6.490699,6.490699,0.486802,13.4682,0.973605,0.0,0.0,0.0,3763.848304,3865.889146
W3_P2,W3,P2,3,15.72,0.0,15.72,0.99,0.99,0.0,0.35494,1,7.098795,7.098795,0.53241,14.73,1.064819,0.0,0.0,0.0,4133.763614,3882.126952
W3_P2,W3,P2,4,15.088,0.0,15.088,1.1802,1.1802,0.0,0.335128,1,6.702554,6.702554,0.502692,13.9078,1.005383,0.0,0.0,0.0,3939.843937,3918.748793
W3_P2,W3,P2,5,13.476,0.0,13.476,1.6302,1.6302,0.0,0.285441,1,5.708819,5.708819,0.428161,11.8458,0.856323,0.0,0.0,0.0,3449.461142,4028.224839
W3_P2,W3,P2,6,13.832,0.0,13.832,2.5002,2.5002,0.0,0.273055,1,5.461108,5.461108,0.409583,11.3318,0.819166,0.0,0.0,0.0,3440.896275,4200.485813
W3_P2,W3,P2,7,12.76,3.2,15.96,3.3702,3.3702,0.0,0.303369,1,6.067373,6.067373,0.455053,12.5898,0.910106,0.0,0.0,0.0,3815.75348,4192.647206
W3_P2,W3,P2,8,10.712,10.88,21.592,4.0098,4.0098,0.0,0.423667,1,8.473349,8.473349,0.635501,17.5822,1.271002,0.0,0.0,0.0,5032.008352,3959.086398
W3_P2,W3,P2,9,11.916,17.92,29.836,4.2,4.2,0.0,0.617735,1,12.354699,12.354699,0.926602,25.636,1.853205,0.0,0.0,0.0,7028.327904,3792.526239
W3_P2,W3,P2,10,8.804,24.96,33.764,4.1202,4.1202,0.0,0.714308,1,14.286169,14.286169,1.071463,29.6438,2.142925,0.0,0.0,0.0,7889.485094,3681.642608
W3_P2,W3,P2,11,9.3,31.36,40.66,3.9,3.9,0.0,0.885783,1,17.715663,17.715663,1.328675,36.76,2.657349,0.0,0.0,0.0,9589.773012,3608.773848
W3_P2,W3,P2,12,9.012,35.84,44.852,3.2598,3.2598,0.0,1.0,1,20.0,20.0,1.5,41.5,3.0,0.0922,0.0,0.0,10655.6,3551.866667
W3_P2,W3,P2,13,10.704,37.12,47.824,2.6898,2.6898,0.0,1.0,1,20.0,20.0,1.5,41.5,3.0,3.6342,0.0,0.0,11063.0,3687.666667
W3_P2,W3,P2,14,10.604,32.0,42.604,3.63,3.63,0.0,0.939133,1,18.782651,18.782651,1.408699,38.974,2.817398,0.0,0.0,0.0,10129.080048,3595.190144
W3_P2,W3,P2,15,14.552,25.6,40.152,3.8202,3.8202,0.0,0.875465,1,17.509301,17.509301,1.313198,36.3318,2.626395,0.0,0.0,0.0,9634.751696,3668.431837
W3_P2,W3,P2,16,13.724,19.2,32.924,3.75,3.75,0.0,0.702988,1,14.059759,14.059759,1.054482,29.174,2.108964,0.0,0.0,0.0,7879.648723,3736.265419
W3_P2,W3,P2,17,12.348,9.6,21.948,3.1398,3.1398,0.0,0.45321,1,9.064193,9.064193,0.679814,18.8082,1.359629,0.0,0.0,0.0,5271.607822,3877.240151
W3_P2,W3,P2,18,12.152,3.2,15.352,2.61,2.61,0.0,0.307036,1,6.140723,6.140723,0.460554,12.742,0.921108,0.0,0.0,0.0,3742.901831,4063.475802
W3_P2,W3,P2,19,9.236,0.0,9.236,2.1198,2.1198,0.0,0.171475,1,3.429494,3.429494,0.257212,7.1162,0.514424,0.0,0.0,0.0,2243.287918,4360.775348
W3_P2,W3,P2,20,7.228,0.0,7.228,1.86,1.86,0.0,0.129349,1,2.586988,2.586988,0.194024,5.368,0.388048,0.0,0.0,0.0,1731.335036,4461.649528
W3_P2,W3,P2,21,6.252,0.0,6.252,1.6302,1.6302,0.0,0.111369,1,2.227373,2.227373,0.167053,4.6218,0.334106,0.0,0.0,0.0,1494.97748,4474.560085
W3_P2,W3,P2,22,6.452,0.0,6.452,1.56,1.56,0.0,0.11788,1,2.35759,2.35759,0.176819,4.892,0.353639,0.0,0.0,0.0,1557.551229,4404.359226
W3_P2,W3,P2,23,7.972,0.0,7.972,1.4802,1.4802,0.0,0.156429,1,3.128578,3.128578,0.234643,6.4918,0.469287,0.0,0.0,0.0,1978.413865,4215.788913
W3_P3,W3,P3,0,11.904,0.0,11.904,1.3698,1.3698,0.0,0.253836,1,5.076723,5.076723,0.380754,10.5342,0.761508,0.0,0.0,0.0,3055.542231,4012.486397
W3_P3,W3,P3,1,13.384,0.0,13.384,1.0998,1.0998,0.0,0.296005,1,5.920096,5.920096,0.444007,12.2842,0.888014,0.0,0.0,0.0,3488.512111,3928.440669
W3_P3,W3,P3,2,14.268,0.0,14.268,0.7998,0.7998,0.0,0.324535,1,6.490699,6.490699,0.486802,13.4682,0.973605,0.0,0.0,0.0,3763.848304,3865.889146
W3_P3,W3,P3,3,15.72,0.0,15.72,0.99,0.99,0.0,0.35494,1,7.098795,7.098795,0.53241,14.73,1.064819,0.0,0.0,0.0,4133.763614,3882.126952
W3_P3,W3,P3,4,15.088,0.0,15.088,1.1802,1.1802,0.0,0.335128,1,6.702554,6.702554,0.502692,13.9078,1.005383,0.0,0.0,0.0,3939.843937,3918.748793
W3_P3,W3,P3,5,13.476,0.0,13.476,1.6302,1.6302,0.0,0.285441,1,5.708819,5.708819,0.428161,11.8458,0.856323,0.0,0.0,0.0,3449.461142,4028.224839
W3_P3,W3,P3,6,13.832,0.0,13.832,2.5002,2.5002,0.0,0.273055,1,5.461108,5.461108,0.409583,11.3318,0.819166,0.0,0.0,0.0,3440.896275,4200.485813
W3_P3,W3,P3,7,12.76,1.28,14.04,3.3702,3.3702,0.0,0.257104,1,5.142072,5.142072,0.385655,10.6698,0.771311,0.0,0.0,0.0,3353.889383,4348.297981
W3_P3,W3,P3,8,10.712,3.2,13.912,4.0098,4.0098,0.0,0.238607,1,4.772145,4.772145,0.357911,9.9022,0.715822,0.0,0.0,0.0,3184.551966,4448.806211
W3_P3,W3,P3,9,11.916,5.12,17.036,4.2,4.2,0.0,0.309301,1,6.186024,6.186024,0.463952,12.836,0.927904,0.0,0.0,0.0,3949.233928,4256.082061
W3_P3,W3,P3,10,8.804,7.68,16.484,4.1202,4.1202,0.0,0.297923,1,5.958458,5.958458,0.446884,12.3638,0.893769,0.0,0.0,0.0,3732.708227,4176.369493
W3_P3,W3,P3,11,9.3,11.52,20.82,3.9,3.9,0.0,0.407711,1,8.154217,8.154217,0.611566,16.92,1.223133,0.0,0.0,0.0,4817.177349,3938.393617
W3_P3,W3,P3,12,9.012,14.08,23.092,3.2598,3.2598,0.0,0.477884,1,9.557687,9.557687,0.716827,19.8322,1.433653,0.0,0.0,0.0,5432.25534,3789.100496
W3_P3,W3,P3,13,10.704,14.08,24.784,2.6898,2.6898,0.0,0.53239,1,10.647807,10.647807,0.798586,22.0942,1.597171,0.0,0.0,0.0,5958.748978,3730.814461
W3_P3,W3,P3,14,10.604,11.52,22.124,3.63,3.63,0.0,0.445639,1,8.912771,8.912771,0.668458,18.494,1.336916,0.0,0.0,0.0,5202.529687,3891.441945
W3_P3,W3,P3,15,14.552,7.04,21.592,3.8202,3.8202,0.0,0.428236,1,8.564723,8.564723,0.642354,17.7718,1.284708,0.0,0.0,0.0,5170.065431,4024.310338
W3_P3,W3,P3,16,13.724,5.12,18.844,3.75,3.75,0.0,0.363711,1,7.274217,7.274217,0.545566,15.094,1.091133,0.0,0.0,0.0,4492.645349,4117.414911
W3_P3,W3,P3,17,12.348,3.2,15.548,3.1398,3.1398,0.0,0.298993,1,5.979855,5.979855,0.448489,12.4082,0.896978,0.0,0.0,0.0,3732.060834,4160.703529
W3_P3,W3,P3,18,12.152,1.28,13.432,2.61,2.61,0.0,0.260771,1,5.215422,5.215422,0.391157,10.822,0.782313,0.0,0.0,0.0,3281.037735,4194.020391
W3_P3,W3,P3,19,9.236,0.0,9.236,2.1198,2.1198,0.0,0.171475,1,3.429494,3.429494,0.257212,7.1162,0.514424,0.0,0.0,0.0,2243.287918,4360.775348
W3_P3,W3,P3,20,7.228,0.0,7.228,1.86,1.86,0.0,0.129349,1,2.586988,2.586988,0.194024,5.368,0.388048,0.0,0.0,0.0,1731.335036,4461.649528
W3_P3,W3,P3,21,6.252,0.0,6.252,1.6302,1.6302,0.0,0.111369,1,2.227373,2.227373,0.167053,4.6218,0.334106,0.0,0.0,0.0,1494.97748,4474.560085
W3_P3,W3,P3,22,6.452,0.0,6.452,1.56,1.56,0.0,0.11788,1,2.35759,2.35759,0.176819,4.892,0.353639,0.0,0.0,0.0,1557.551229,4404.359226
W3_P3,W3,P3,23,7.972,0.0,7.972,1.4802,1.4802,0.0,0.156429,1,3.128578,3.128578,0.234643,6.4918,0.469287,0.0,0.0,0.0,1978.413865,4215.788913
W3_P4,W3,P4,0,11.904,0.0,11.904,1.3698,1.3698,0.0,0.253836,1,5.076723,5.076723,0.380754,10.5342,0.761508,0.0,0.0,0.0,3055.542231,4012.486397
W3_P4,W3,P4,1,13.384,0.0,13.384,1.0998,1.0998,0.0,0.296005,1,5.920096,5.920096,0.444007,12.2842,0.888014,0.0,0.0,0.0,3488.512111,3928.440669
W3_P4,W3,P4,2,14.268,0.0,14.268,0.7998,0.7998,0.0,0.324535,1,6.490699,6.490699,0.486802,13.4682,0.973605,0.0,0.0,0.0,3763.848304,3865.889146
W3_P4,W3,P4,3,15.72,0.0,15.72,0.99,0.99,0.0,0.35494,1,7.098795,7.098795,0.53241,14.73,1.064819,0.0,0.0,0.0,4133.763614,3882.126952
W3_P4,W3,P4,4,15.088,0.0,15.088,1.1802,1.1802,0.0,0.335128,1,6.702554,6.702554,0.502692,13.9078,1.005383,0.0,0.0,0.0,3939.843937,3918.748793
W3_P4,W3,P4,5,13.476,0.0,13.476,1.6302,1.6302,0.0,0.285441,1,5.708819,5.708819,0.428161,11.8458,0.856323,0.0,0.0,0.0,3449.461142,4028.224839
W3_P4,W3,P4,6,13.832,0.0,13.832,2.5002,2.5002,0.0,0.273055,1,5.461108,5.461108,0.409583,11.3318,0.819166,0.0,0.0,0.0,3440.896275,4200.485813
W3_P4,W3,P4,7,12.76,0.0,12.76,3.3702,3.3702,0.0,0.22626,1,4.525205,4.525205,0.33939,9.3898,0.678781,0.0,0.0,0.0,3045.979986,4487.428536
W3_P4,W3,P4,8,10.712,0.0,10.712,4.0098,4.0098,0.0,0.161499,1,3.229976,3.229976,0.242248,6.7022,0.484496,0.0,0.0,0.0,2414.778472,4984.100077
W3_P4,W3,P4,9,11.916,0.0,11.916,4.2,4.2,0.0,0.185928,1,3.718554,3.718554,0.278892,7.716,0.557783,0.0,0.0,0.0,2717.596337,4872.137895
W3_P4,W3,P4,10,8.804,0.0,8.804,4.1202,4.1202,0.0,0.112863,1,2.257253,2.257253,0.169294,4.6838,0.338588,0.0,0.0,0.0,1885.251841,5567.982649
W3_P4,W3,P4,11,9.3,1.28,10.58,3.9,3.9,0.0,0.160964,1,3.219277,3.219277,0.241446,6.68,0.482892,0.0,0.0,0.0,2353.902169,4874.597804
W3_P4,W3,P4,12,9.012,5.12,14.132,3.2598,3.2598,0.0,0.261981,1,5.239614,5.239614,0.392971,10.8722,0.785942,0.0,0.0,0.0,3276.889557,4169.377452
W3_P4,W3,P4,13,10.704,7.68,18.384,2.6898,2.6898,0.0,0.378173,1,7.56347,7.56347,0.56726,15.6942,1.13452,0.0,0.0,0.0,4419.20199,3895.215698
W3_P4,W3,P4,14,10.604,5.12,15.724,3.63,3.63,0.0,0.291422,1,5.828434,5.828434,0.437133,12.094,0.874265,0.0,0.0,0.0,3662.982699,4189.785072
W3_P4,W3,P4,15,14.552,1.28,15.832,3.8202,3.8202,0.0,0.289441,1,5.788819,5.788819,0.434161,12.0118,0.868323,0.0,0.0,0.0,3784.473142,4358.370808
W3_P4,W3,P4,16,13.724,0.0,13.724,3.75,3.75,0.0,0.240337,1,4.806747,4.806747,0.360506,9.974,0.721012,0.0,0.0,0.0,3261.007759,4522.820066
W3_P4,W3,P4,17,12.348,0.0,12.348,3.1398,3.1398,0.0,0.221884,1,4.437687,4.437687,0.332827,9.2082,0.665653,0.0,0.0,0.0,2962.28734,4450.197454
W3_P4,W3,P4,18,12.152,0.0,12.152,2.61,2.61,0.0,0.229928,1,4.598554,4.598554,0.344892,9.542,0.689783,0.0,0.0,0.0,2973.128337,4310.236359
W3_P4,W3,P4,19,9.236,0.0,9.236,2.1198,2.1198,0.0,0.171475,1,3.429494,3.429494,0.257212,7.1162,0.514424,0.0,0.0,0.0,2243.287918,4360.775348
W3_P4,W3,P4,20,7.228,0.0,7.228,1.86,1.86,0.0,0.129349,1,2.586988,2.586988,0.194024,5.368,0.388048,0.0,0.0,0.0,1731.335036,4461.649528
W3_P4,W3,P4,21,6.252,0.0,6.252,1.6302,1.6302,0.0,0.111369,1,2.227373,2.227373,0.167053,4.6218,0.334106,0.0,0.0,0.0,1494.97748,4474.560085
W3_P4,W3,P4,22,6.452,0.0,6.452,1.56,1.56,0.0,0.11788,1,2.35759,2.35759,0.176819,4.892,0.353639,0.0,0.0,0.0,1557.551229,4404.359226
W3_P4,W3,P4,23,7.972,0.0,7.972,1.4802,1.4802,0.0,0.156429,1,3.128578,3.128578,0.234643,6.4918,0.469287,0.0,0.0,0.0,1978.413865,4215.788913
W4_P1,W4,P1,0,13.496,0.0,13.496,1.3698,1.3698,0.0,0.292198,1,5.843952,5.843952,0.438296,12.1262,0.876593,0.0,0.0,0.0,3486.264545,3977.06285
W4_P1,W4,P1,1,14.084,0.0,14.084,1.0998,1.0998,0.0,0.312872,1,6.257446,6.257446,0.469308,12.9842,0.938617,0.0,0.0,0.0,3677.900063,3918.425281
W4_P1,W4,P1,2,13.092,0.0,13.092,0.7998,0.7998,0.0,0.296198,1,5.923952,5.923952,0.444296,12.2922,0.888593,0.0,0.0,0.0,3445.676545,3877.677893
W4_P1,W4,P1,3,20.168,0.0,20.168,0.99,0.99,0.0,0.46212,1,9.24241,9.24241,0.693181,19.178,1.386361,0.0,0.0,0.0,5337.188771,3849.78159
W4_P1,W4,P1,4,19.276,0.0,19.276,1.1802,1.1802,0.0,0.436043,1,8.720867,8.720867,0.654065,18.0958,1.30813,0.0,0.0,0.0,5072.924998,3877.997241
W4_P1,W4,P1,5,23.08,0.0,23.08,1.6302,1.6302,0.0,0.516863,1,10.337253,10.337253,0.775294,21.4498,1.550588,0.0,0.0,0.0,6047.863841,3900.368137
W4_P1,W4,P1,6,28.356,14.08,42.436,2.5002,2.5002,0.0,0.962308,1,19.246169,19.246169,1.443463,39.9358,2.886925,0.0,0.0,0.0,10757.429094,3726.258206
W4_P1,W4,P1,7,26.36,25.6,51.96,3.3702,3.3702,0.0,1.0,1,20.0,20.0,1.5,41.5,3.0,7.0898,0.0,0.0,12029.0,4009.666667
W4_P1,W4,P1,8,25.076,37.12,62.196,4.0098,4.0098,0.0,1.0,1,20.0,20.0,1.5,41.5,3.0,16.6862,0.0,0.0,13218.8,4406.266667
W4_P1,W4,P1,9,22.112,46.08,68.192,4.2,4.2,0.0,1.0,1,20.0,20.0,1.5,41.5,3.0,22.492,0.0,0.0,13849.4,4616.466667
W4_P1,W4,P1,10,8.996,52.48,61.476,4.1202,4.1202,0.0,1.0,1,20.0,20.0,1.5,41.5,3.0,15.8558,0.0,0.0,12650.0,4216.666667
W4_P1,W4,P1,11,7.652,55.04,62.692,3.9,3.9,0.0,1.0,1,20.0,20.0,1.5,41.5,3.0,17.292,0.0,0.0,12755.6,4251.866667
W4_P1,W4,P1,12,10.816,56.32,67.136,3.2598,3.2598,0.0,1.0,1,20.0,20.0,1.5,41.5,3.0,22.3762,0.0,0.0,13383.8,4461.266667
W4_P1,W4,P1,13,10.952,56.32,67.272,2.6898,2.6898,0.0,1.0,1,20.0,20.0,1.5,41.5,3.0,23.0822,0.0,0.0,13404.2,4468.066667
W4_P1,W4,P1,14,15.152,52.48,67.632,3.63,3.63,0.0,1.0,1,20.0,20.0,1.5,41.5,3.0,22.502,0.0,0.0,13573.4,4524.466667
W4_P1,W4,P1,15,21.66,44.8,66.46,3.8202,3.8202,0.0,1.0,1,20.0,20.0,1.5,41.5,3.0,21.1398,0.0,0.0,13628.0,4542.666667
W4_P1,W4,P1,16,17.16,33.28,50.44,3.75,3.75,0.0,1.0,1,20.0,20.0,1.5,41.5,3.0,5.19,0.0,0.0,11570.6,3856.866667
W4_P1,W4,P1,17,16.612,24.32,40.932,3.1398,3.1398,0.0,0.910655,1,18.213108,18.213108,1.365983,37.7922,2.731966,0.0,0.0,0.0,9966.209075,3647.998587
W4_P1,W4,P1,18,15.328,11.52,26.848,2.61,2.61,0.0,0.584048,1,11.680964,11.680964,0.876072,24.238,1.752145,0.0,0.0,0.0,6603.593108,3768.863135
W4_P1,W4,P1,19,9.416,0.0,9.416,2.1198,2.1198,0.0,0.175812,1,3.516241,3.516241,0.263718,7.2962,0.527436,0.0,0.0,0.0,2291.987677,4345.526374
W4_P1,W4,P1,20,8.808,0.0,8.808,1.86,1.86,0.0,0.167422,1,3.348434,3.348434,0.251133,6.948,0.502265,0.0,0.0,0.0,2158.810699,4298.150259
W4_P1,W4,P1,21,5.216,0.0,5.216,1.6302,1.6302,0.0,0.0,0,0.0,0.0,0.0,0.0,0.0,3.5858,0.0,0.0,782.4,
W4_P1,W4,P1,22,6.152,0.0,6.152,1.56,1.56,0.0,0.110651,1,2.213012,2.213012,0.165976,4.592,0.331952,0.0,0.0,0.0,1476.384964,4447.588269
W4_P1,W4,P1,23,8.464,0.0,8.464,1.4802,1.4802,0.0,0.168284,1,3.365687,3.365687,0.252427,6.9838,0.504853,0.0,0.0,0.0,2111.52654,4182.458041
W4_P2,W4,P2,0,13.496,0.0,13.496,1.3698,1.3698,0.0,0.292198,1,5.843952,5.843952,0.438296,12.1262,0.876593,0.0,0.0,0.0,3486.264545,3977.06285
W4_P2,W4,P2,1,14.084,0.0,14.084,1.0998,1.0998,0.0,0.312872,1,6.257446,6.257446,0.469308,12.9842,0.938617,0.0,0.0,0.0,3677.900063,3918.425281
W4_P2,W4,P2,2,13.092,0.0,13.092,0.7998,0.7998,0.0,0.296198,1,5.923952,5.923952,0.444296,12.2922,0.888593,0.0,0.0,0.0,3445.676545,3877.677893
W4_P2,W4,P2,3,20.168,0.0,20.168,0.99,0.99,0.0,0.46212,1,9.24241,9.24241,0.693181,19.178,1.386361,0.0,0.0,0.0,5337.188771,3849.78159
W4_P2,W4,P2,4,19.276,0.0,19.276,1.1802,1.1802,0.0,0.436043,1,8.720867,8.720867,0.654065,18.0958,1.30813,0.0,0.0,0.0,5072.924998,3877.997241
W4_P2,W4,P2,5,23.08,0.0,23.08,1.6302,1.6302,0.0,0.516863,1,10.337253,10.337253,0.775294,21.4498,1.550588,0.0,0.0,0.0,6047.863841,3900.368137
W4_P2,W4,P2,6,28.356,0.0,28.356,2.5002,2.5002,0.0,0.623031,1,12.460627,12.460627,0.934547,25.8558,1.869094,0.0,0.0,0.0,7370.42572,3943.314684
W4_P2,W4,P2,7,26.36,3.2,29.56,3.3702,3.3702,0.0,0.63108,1,12.62159,12.62159,0.946619,26.1898,1.893239,0.0,0.0,0.0,7495.290829,3958.978551
W4_P2,W4,P2,8,25.076,10.88,35.956,4.0098,4.0098,0.0,0.769788,1,15.395759,15.395759,1.154682,31.9462,2.309364,0.0,0.0,0.0,8918.249123,3861.77739
W4_P2,W4,P2,9,22.112,17.92,40.032,4.2,4.2,0.0,0.863422,1,17.268434,17.268434,1.295133,35.832,2.590265,0.0,0.0,0.0,9786.898699,3778.338692
W4_P2,W4,P2,10,8.996,24.96,33.956,4.1202,4.1202,0.0,0.718935,1,14.378699,14.378699,1.078402,29.8358,2.156805,0.0,0.0,0.0,7941.431504,3682.035311
W4_P2,W4,P2,11,7.652,31.36,39.012,3.9,3.9,0.0,0.846072,1,16.921446,16.921446,1.269108,35.112,2.538217,0.0,0.0,0.0,9143.899663,3602.489519
W4_P2,W4,P2,12,10.816,35.84,46.656,3.2598,3.2598,0.0,1.0,1,20.0,20.0,1.5,41.5,3.0,1.8962,0.0,0.0,10926.2,3642.066667
W4_P2,W4,P2,13,10.952,37.12,48.072,2.6898,2.6898,0.0,1.0,1,20.0,20.0,1.5,41.5,3.0,3.8822,0.0,0.0,11100.2,3700.066667
W4_P2,W4,P2,14,15.152,32.0,47.152,3.63,3.63,0.0,1.0,1,20.0,20.0,1.5,41.5,3.0,2.022,0.0,0.0,11115.8,3705.266667
W4_P2,W4,P2,15,21.66,25.6,47.26,3.8202,3.8202,0.0,1.0,1,20.0,20.0,1.5,41.5,3.0,1.9398,0.0,0.0,11324.0,3774.666667
W4_P2,W4,P2,16,17.16,19.2,36.36,3.75,3.75,0.0,0.785783,1,15.715663,15.715663,1.178675,32.61,2.357349,0.0,0.0,0.0,8809.273012,3736.939896
W4_P2,W4,P2,17,16.612,9.6,26.212,3.1398,3.1398,0.0,0.555957,1,11.119133,11.119133,0.833935,23.0722,1.66787,0.0,0.0,0.0,6425.251002,3852.369469
W4_P2,W4,P2,18,15.328,3.2,18.528,2.61,2.61,0.0,0.383566,1,7.671325,7.671325,0.575349,15.918,1.150699,0.0,0.0,0.0,4602.182024,3999.467144
W4_P2,W4,P2,19,9.416,0.0,9.416,2.1198,2.1198,0.0,0.175812,1,3.516241,3.516241,0.263718,7.2962,0.527436,0.0,0.0,0.0,2291.987677,4345.526374
W4_P2,W4,P2,20,8.808,0.0,8.808,1.86,1.86,0.0,0.167422,1,3.348434,3.348434,0.251133,6.948,0.502265,0.0,0.0,0.0,2158.810699,4298.150259
W4_P2,W4,P2,21,5.216,0.0,5.216,1.6302,1.6302,0.0,0.0,0,0.0,0.0,0.0,0.0,0.0,3.5858,0.0,0.0,782.4,
W4_P2,W4,P2,22,6.152,0.0,6.152,1.56,1.56,0.0,0.110651,1,2.213012,2.213012,0.165976,4.592,0.331952,0.0,0.0,0.0,1476.384964,4447.588269
W4_P2,W4,P2,23,8.464,0.0,8.464,1.4802,1.4802,0.0,0.168284,1,3.365687,3.365687,0.252427,6.9838,0.504853,0.0,0.0,0.0,2111.52654,4182.458041
W4_P3,W4,P3,0,13.496,0.0,13.496,1.3698,1.3698,0.0,0.292198,1,5.843952,5.843952,0.438296,12.1262,0.876593,0.0,0.0,0.0,3486.264545,3977.06285
W4_P3,W4,P3,1,14.084,0.0,14.084,1.0998,1.0998,0.0,0.312872,1,6.257446,6.257446,0.469308,12.9842,0.938617,0.0,0.0,0.0,3677.900063,3918.425281
W4_P3,W4,P3,2,13.092,0.0,13.092,0.7998,0.7998,0.0,0.296198,1,5.923952,5.923952,0.444296,12.2922,0.888593,0.0,0.0,0.0,3445.676545,3877.677893
W4_P3,W4,P3,3,20.168,0.0,20.168,0.99,0.99,0.0,0.46212,1,9.24241,9.24241,0.693181,19.178,1.386361,0.0,0.0,0.0,5337.188771,3849.78159
W4_P3,W4,P3,4,19.276,0.0,19.276,1.1802,1.1802,0.0,0.436043,1,8.720867,8.720867,0.654065,18.0958,1.30813,0.0,0.0,0.0,5072.924998,3877.997241
W4_P3,W4,P3,5,23.08,0.0,23.08,1.6302,1.6302,0.0,0.516863,1,10.337253,10.337253,0.775294,21.4498,1.550588,0.0,0.0,0.0,6047.863841,3900.368137
W4_P3,W4,P3,6,28.356,0.0,28.356,2.5002,2.5002,0.0,0.623031,1,12.460627,12.460627,0.934547,25.8558,1.869094,0.0,0.0,0.0,7370.42572,3943.314684
W4_P3,W4,P3,7,26.36,1.28,27.64,3.3702,3.3702,0.0,0.584814,1,11.696289,11.696289,0.877222,24.2698,1.754443,0.0,0.0,0.0,7033.426733,4008.922054
W4_P3,W4,P3,8,25.076,3.2,28.276,4.0098,4.0098,0.0,0.584728,1,11.694554,11.694554,0.877092,24.2662,1.754183,0.0,0.0,0.0,7070.792737,4030.817881
W4_P3,W4,P3,9,22.112,5.12,27.232,4.2,4.2,0.0,0.554988,1,11.099759,11.099759,0.832482,23.032,1.664964,0.0,0.0,0.0,6707.804723,4028.799004
W4_P3,W4,P3,10,8.996,7.68,16.676,4.1202,4.1202,0.0,0.302549,1,6.050988,6.050988,0.453824,12.5558,0.907648,0.0,0.0,0.0,3784.654636,4169.737423
W4_P3,W4,P3,11,7.652,11.52,19.172,3.9,3.9,0.0,0.368,1,7.36,7.36,0.552,15.272,1.104,0.0,0.0,0.0,4371.304,3959.514493
W4_P3,W4,P3,12,10.816,14.08,24.896,3.2598,3.2598,0.0,0.521354,1,10.427084,10.427084,0.782031,21.6362,1.564063,0.0,0.0,0.0,5920.335147,3785.2289
W4_P3,W4,P3,13,10.952,14.08,25.032,2.6898,2.6898,0.0,0.538366,1,10.767325,10.767325,0.807549,22.3422,1.615099,0.0,0.0,0.0,6025.846424,3730.946021
W4_P3,W4,P3,14,15.152,11.52,26.672,3.63,3.63,0.0,0.555229,1,11.104578,11.104578,0.832843,23.042,1.665687,0.0,0.0,0.0,6433.010265,3862.076874
W4_P3,W4,P3,15,21.66,7.04,28.7,3.8202,3.8202,0.0,0.599513,1,11.990265,11.990265,0.89927,24.8798,1.79854,0.0,0.0,0.0,7093.164805,3943.846539
W4_P3,W4,P3,16,17.16,5.12,22.28,3.75,3.75,0.0,0.446506,1,8.93012,8.93012,0.669759,18.53,1.339518,0.0,0.0,0.0,5422.269639,4047.925706
W4_P3,W4,P3,17,16.612,3.2,19.812,3.1398,3.1398,0.0,0.40174,1,8.034795,8.034795,0.60261,16.6722,1.205219,0.0,0.0,0.0,4885.704014,4053.788474
W4_P3,W4,P3,18,15.328,1.28,16.608,2.61,2.61,0.0,0.337301,1,6.746024,6.746024,0.505952,13.998,1.011904,0.0,0.0,0.0,4140.317928,4091.612945
W4_P3,W4,P3,19,9.416,0.0,9.416,2.1198,2.1198,0.0,0.175812,1,3.516241,3.516241,0.263718,7.2962,0.527436,0.0,0.0,0.0,2291.987677,4345.526374
W4_P3,W4,P3,20,8.808,0.0,8.808,1.86,1.86,0.0,0.167422,1,3.348434,3.348434,0.251133,6.948,0.502265,0.0,0.0,0.0,2158.810699,4298.150259
W4_P3,W4,P3,21,5.216,0.0,5.216,1.6302,1.6302,0.0,0.0,0,0.0,0.0,0.0,0.0,0.0,3.5858,0.0,0.0,782.4,
W4_P3,W4,P3,22,6.152,0.0,6.152,1.56,1.56,0.0,0.110651,1,2.213012,2.213012,0.165976,4.592,0.331952,0.0,0.0,0.0,1476.384964,4447.588269
W4_P3,W4,P3,23,8.464,0.0,8.464,1.4802,1.4802,0.0,0.168284,1,3.365687,3.365687,0.252427,6.9838,0.504853,0.0,0.0,0.0,2111.52654,4182.458041
W4_P4,W4,P4,0,13.496,0.0,13.496,1.3698,1.3698,0.0,0.292198,1,5.843952,5.843952,0.438296,12.1262,0.876593,0.0,0.0,0.0,3486.264545,3977.06285
W4_P4,W4,P4,1,14.084,0.0,14.084,1.0998,1.0998,0.0,0.312872,1,6.257446,6.257446,0.469308,12.9842,0.938617,0.0,0.0,0.0,3677.900063,3918.425281
W4_P4,W4,P4,2,13.092,0.0,13.092,0.7998,0.7998,0.0,0.296198,1,5.923952,5.923952,0.444296,12.2922,0.888593,0.0,0.0,0.0,3445.676545,3877.677893
W4_P4,W4,P4,3,20.168,0.0,20.168,0.99,0.99,0.0,0.46212,1,9.24241,9.24241,0.693181,19.178,1.386361,0.0,0.0,0.0,5337.188771,3849.78159
W4_P4,W4,P4,4,19.276,0.0,19.276,1.1802,1.1802,0.0,0.436043,1,8.720867,8.720867,0.654065,18.0958,1.30813,0.0,0.0,0.0,5072.924998,3877.997241
W4_P4,W4,P4,5,23.08,0.0,23.08,1.6302,1.6302,0.0,0.516863,1,10.337253,10.337253,0.775294,21.4498,1.550588,0.0,0.0,0.0,6047.863841,3900.368137
W4_P4,W4,P4,6,28.356,0.0,28.356,2.5002,2.5002,0.0,0.623031,1,12.460627,12.460627,0.934547,25.8558,1.869094,0.0,0.0,0.0,7370.42572,3943.314684
W4_P4,W4,P4,7,26.36,0.0,26.36,3.3702,3.3702,0.0,0.553971,1,11.079422,11.079422,0.830957,22.9898,1.661913,0.0,0.0,0.0,6725.517335,4046.852219
W4_P4,W4,P4,8,25.076,0.0,25.076,4.0098,4.0098,0.0,0.507619,1,10.152386,10.152386,0.761429,21.0662,1.522858,0.0,0.0,0.0,6301.019243,4137.628027
W4_P4,W4,P4,9,22.112,0.0,22.112,4.2,4.2,0.0,0.431614,1,8.632289,8.632289,0.647422,17.912,1.294843,0.0,0.0,0.0,5476.167133,4229.211999
W4_P4,W4,P4,10,8.996,0.0,8.996,4.1202,4.1202,0.0,0.117489,1,2.349783,2.349783,0.176234,4.8758,0.352467,0.0,0.0,0.0,1937.198251,5496.105077
W4_P4,W4,P4,11,7.652,1.28,8.932,3.9,3.9,0.0,0.121253,1,2.42506,2.42506,0.18188,5.032,0.363759,0.0,0.0,0.0,1908.028819,5245.309751
W4_P4,W4,P4,12,10.816,5.12,15.936,3.2598,3.2598,0.0,0.305451,1,6.109012,6.109012,0.458176,12.6762,0.916352,0.0,0.0,0.0,3764.969364,4108.650558
W4_P4,W4,P4,13,10.952,7.68,18.632,2.6898,2.6898,0.0,0.384149,1,7.682988,7.682988,0.576224,15.9422,1.152448,0.0,0.0,0.0,4486.299436,3892.842615
W4_P4,W4,P4,14,15.152,5.12,20.272,3.63,3.63,0.0,0.401012,1,8.020241,8.020241,0.601518,16.642,1.203036,0.0,0.0,0.0,4893.463277,4067.59456
W4_P4,W4,P4,15,21.66,1.28,22.94,3.8202,3.8202,0.0,0.460718,1,9.214361,9.214361,0.691077,19.1198,1.382154,0.0,0.0,0.0,5707.572516,4129.475891
W4_P4,W4,P4,16,17.16,0.0,17.16,3.75,3.75,0.0,0.323133,1,6.462651,6.462651,0.484699,13.41,0.969398,0.0,0.0,0.0,4190.632048,4322.923937
W4_P4,W4,P4,17,16.612,0.0,16.612,3.1398,3.1398,0.0,0.324631,1,6.492627,6.492627,0.486947,13.4722,0.973894,0.0,0.0,0.0,4115.93052,4226.261402
W4_P4,W4,P4,18,15.328,0.0,15.328,2.61,2.61,0.0,0.306458,1,6.129157,6.129157,0.459687,12.718,0.919373,0.0,0.0,0.0,3832.40853,4168.500131
W4_P4,W4,P4,19,9.416,0.0,9.416,2.1198,2.1198,0.0,0.175812,1,3.516241,3.516241,0.263718,7.2962,0.527436,0.0,0.0,0.0,2291.987677,4345.526374
W4_P4,W4,P4,20,8.808,0.0,8.808,1.86,1.86,0.0,0.167422,1,3.348434,3.348434,0.251133,6.948,0.502265,0.0,0.0,0.0,2158.810699,4298.150259
W4_P4,W4,P4,21,5.216,0.0,5.216,1.6302,1.6302,0.0,0.0,0,0.0,0.0,0.0,0.0,0.0,3.5858,0.0,0.0,782.4,
W4_P4,W4,P4,22,6.152,0.0,6.152,1.56,1.56,0.0,0.110651,1,2.213012,2.213012,0.165976,4.592,0.331952,0.0,0.0,0.0,1476.384964,4447.588269
W4_P4,W4,P4,23,8.464,0.0,8.464,1.4802,1.4802,0.0,0.168284,1,3.365687,3.365687,0.252427,6.9838,0.504853,0.0,0.0,0.0,2111.52654,4182.458041
W5_P1,W5,P1,0,9.776,0.0,9.776,1.3698,1.3698,0.0,0.202559,1,4.051181,4.051181,0.303839,8.4062,0.607677,0.0,0.0,0.0,2479.802858,4080.790313
W5_P1,W5,P1,1,13.5,0.0,13.5,1.0998,1.0998,0.0,0.2988,1,5.976,5.976,0.4482,12.4002,0.8964,0.0,0.0,0.0,3519.8964,3926.702811
W5_P1,W5,P1,2,15.392,0.0,15.392,0.7998,0.7998,0.0,0.351619,1,7.032386,7.032386,0.527429,14.5922,1.054858,0.0,0.0,0.0,4067.951243,3856.397633
W5_P1,W5,P1,3,13.312,0.0,13.312,0.99,0.99,0.0,0.296916,1,5.938313,5.938313,0.445373,12.322,0.890747,0.0,0.0,0.0,3482.26906,3909.380674
W5_P1,W5,P1,4,15.144,0.0,15.144,1.1802,1.1802,0.0,0.336477,1,6.729542,6.729542,0.504716,13.9638,1.009431,0.0,0.0,0.0,3954.994973,3918.042639
W5_P1,W5,P1,5,14.316,0.0,14.316,1.6302,1.6302,0.0,0.305682,1,6.113639,6.113639,0.458523,12.6858,0.917046,0.0,0.0,0.0,3676.726684,4009.316385
W5_P1,W5,P1,6,17.852,14.08,31.932,2.5002,2.5002,0.0,0.7092,1,14.184,14.184,1.0638,29.4318,2.1276,0.0,0.0,0.0,7915.5276,3720.402143
W5_P1,W5,P1,7,9.628,25.6,35.228,3.3702,3.3702,0.0,0.767658,1,15.353157,15.353157,1.151487,31.8578,2.302973,0.0,0.0,0.0,8356.79213,3628.696619
W5_P1,W5,P1,8,22.324,37.12,59.444,4.0098,4.0098,0.0,1.0,1,20.0,20.0,1.5,41.5,3.0,13.9342,0.0,0.0,12806.0,4268.666667
W5_P1,W5,P1,9,20.928,46.08,67.008,4.2,4.2,0.0,1.0,1,20.0,20.0,1.5,41.5,3.0,21.308,0.0,0.0,13671.8,4557.266667
W5_P1,W5,P1,10,15.996,52.48,68.476,4.1202,4.1202,0.0,1.0,1,20.0,20.0,1.5,41.5,3.0,22.8558,0.0,0.0,13700.0,4566.666667
W5_P1,W5,P1,11,14.328,55.04,69.368,3.9,3.9,0.0,1.0,1,20.0,20.0,1.5,41.5,3.0,23.968,0.0,0.0,13757.0,4585.666667
W5_P1,W5,P1,12,12.74,56.32,69.06,3.2598,3.2598,0.0,1.0,1,20.0,20.0,1.5,41.5,3.0,24.3002,0.0,0.0,13672.4,4557.466667
W5_P1,W5,P1,13,12.812,56.32,69.132,2.6898,2.6898,0.0,1.0,1,20.0,20.0,1.5,41.5,3.0,24.9422,0.0,0.0,13683.2,4561.066667
W5_P1,W5,P1,14,8.256,52.48,60.736,3.63,3.63,0.0,1.0,1,20.0,20.0,1.5,41.5,3.0,15.606,0.0,0.0,12539.0,4179.666667
W5_P1,W5,P1,15,8.556,44.8,53.356,3.8202,3.8202,0.0,1.0,1,20.0,20.0,1.5,41.5,3.0,8.0358,0.0,0.0,11662.4,3887.466667
W5_P1,W5,P1,16,15.664,33.28,48.944,3.75,3.75,0.0,1.0,1,20.0,20.0,1.5,41.5,3.0,3.694,0.0,0.0,11346.2,3782.066667
W5_P1,W5,P1,17,8.372,24.32,32.692,3.1398,3.1398,0.0,0.712101,1,14.242024,14.242024,1.068152,29.5522,2.136304,0.0,0.0,0.0,7736.842328,3621.602414
W5_P1,W5,P1,18,7.872,11.52,19.392,2.61,2.61,0.0,0.404386,1,8.087711,8.087711,0.606578,16.782,1.213157,0.0,0.0,0.0,4586.340867,3780.501847
W5_P1,W5,P1,19,11.176,0.0,11.176,2.1198,2.1198,0.0,0.218222,1,4.364434,4.364434,0.327333,9.0562,0.654665,0.0,0.0,0.0,2768.163099,4228.365414
W5_P1,W5,P1,20,9.884,0.0,9.884,1.86,1.86,0.0,0.193349,1,3.866988,3.866988,0.290024,8.024,0.580048,0.0,0.0,0.0,2449.927036,4223.661183
W5_P1,W5,P1,21,9.02,0.0,9.02,1.6302,1.6302,0.0,0.178067,1,3.561349,3.561349,0.267101,7.3898,0.534202,0.0,0.0,0.0,2243.871552,4200.414508
W5_P1,W5,P1,22,6.204,0.0,6.204,1.56,1.56,0.0,0.111904,1,2.238072,2.238072,0.167855,4.644,0.335711,0.0,0.0,0.0,1490.453783,4439.69509
W5_P1,W5,P1,23,16.928,0.0,16.928,1.4802,1.4802,0.0,0.372236,1,7.444723,7.444723,0.558354,15.4478,1.116708,0.0,0.0,0.0,4401.497431,3941.492066
W5_P2,W5,P2,0,9.776,0.0,9.776,1.3698,1.3698,0.0,0.202559,1,4.051181,4.051181,0.303839,8.4062,0.607677,0.0,0.0,0.0,2479.802858,4080.790313
W5_P2,W5,P2,1,13.5,0.0,13.5,1.0998,1.0998,0.0,0.2988,1,5.976,5.976,0.4482,12.4002,0.8964,0.0,0.0,0.0,3519.8964,3926.702811
W5_P2,W5,P2,2,15.392,0.0,15.392,0.7998,0.7998,0.0,0.351619,1,7.032386,7.032386,0.527429,14.5922,1.054858,0.0,0.0,0.0,4067.951243,3856.397633
W5_P2,W5,P2,3,13.312,0.0,13.312,0.99,0.99,0.0,0.296916,1,5.938313,5.938313,0.445373,12.322,0.890747,0.0,0.0,0.0,3482.26906,3909.380674
W5_P2,W5,P2,4,15.144,0.0,15.144,1.1802,1.1802,0.0,0.336477,1,6.729542,6.729542,0.504716,13.9638,1.009431,0.0,0.0,0.0,3954.994973,3918.042639
W5_P2,W5,P2,5,14.316,0.0,14.316,1.6302,1.6302,0.0,0.305682,1,6.113639,6.113639,0.458523,12.6858,0.917046,0.0,0.0,0.0,3676.726684,4009.316385
W5_P2,W5,P2,6,17.852,0.0,17.852,2.5002,2.5002,0.0,0.369923,1,7.398458,7.398458,0.554884,15.3518,1.109769,0.0,0.0,0.0,4528.524227,4080.601958
W5_P2,W5,P2,7,9.628,3.2,12.828,3.3702,3.3702,0.0,0.227899,1,4.557976,4.557976,0.341848,9.4578,0.683696,0.0,0.0,0.0,2968.377672,4341.660619
W5_P2,W5,P2,8,22.324,10.88,33.204,4.0098,4.0098,0.0,0.703475,1,14.069494,14.069494,1.055212,29.1942,2.110424,0.0,0.0,0.0,8173.683918,3873.005398
W5_P2,W5,P2,9,20.928,17.92,38.848,4.2,4.2,0.0,0.834892,1,16.697831,16.697831,1.252337,34.648,2.504675,0.0,0.0,0.0,9466.562506,3779.557685
W5_P2,W5,P2,10,15.996,24.96,40.956,4.1202,4.1202,0.0,0.88761,1,17.752193,17.752193,1.331414,36.8358,2.662829,0.0,0.0,0.0,9835.311022,3693.557241
W5_P2,W5,P2,11,14.328,31.36,45.688,3.9,3.9,0.0,1.0,1,20.0,20.0,1.5,41.5,3.0,0.288,0.0,0.0,10915.4,3638.466667
W5_P2,W5,P2,12,12.74,35.84,48.58,3.2598,3.2598,0.0,1.0,1,20.0,20.0,1.5,41.5,3.0,3.8202,0.0,0.0,11214.8,3738.266667
W5_P2,W5,P2,13,12.812,37.12,49.932,2.6898,2.6898,0.0,1.0,1,20.0,20.0,1.5,41.5,3.0,5.7422,0.0,0.0,11379.2,3793.066667
W5_P2,W5,P2,14,8.256,32.0,40.256,3.63,3.63,0.0,0.882554,1,17.651084,17.651084,1.323831,36.626,2.647663,0.0,0.0,0.0,9493.818747,3585.735798
W5_P2,W5,P2,15,8.556,25.6,34.156,3.8202,3.8202,0.0,0.730983,1,14.619663,14.619663,1.096475,30.3358,2.192949,0.0,0.0,0.0,8012.508612,3653.759006
W5_P2,W5,P2,16,15.664,19.2,34.864,3.75,3.75,0.0,0.749735,1,14.994699,14.994699,1.124602,31.114,2.249205,0.0,0.0,0.0,8404.523904,3736.664545
W5_P2,W5,P2,17,8.372,9.6,17.972,3.1398,3.1398,0.0,0.357402,1,7.148048,7.148048,0.536104,14.8322,1.072207,0.0,0.0,0.0,4195.884255,3913.314649
W5_P2,W5,P2,18,7.872,3.2,11.072,2.61,2.61,0.0,0.203904,1,4.078072,4.078072,0.305855,8.462,0.611711,0.0,0.0,0.0,2584.929783,4225.738045
W5_P2,W5,P2,19,11.176,0.0,11.176,2.1198,2.1198,0.0,0.218222,1,4.364434,4.364434,0.327333,9.0562,0.654665,0.0,0.0,0.0,2768.163099,4228.365414
W5_P2,W5,P2,20,9.884,0.0,9.884,1.86,1.86,0.0,0.193349,1,3.866988,3.866988,0.290024,8.024,0.580048,0.0,0.0,0.0,2449.927036,4223.661183
W5_P2,W5,P2,21,9.02,0.0,9.02,1.6302,1.6302,0.0,0.178067,1,3.561349,3.561349,0.267101,7.3898,0.534202,0.0,0.0,0.0,2243.871552,4200.414508
W5_P2,W5,P2,22,6.204,0.0,6.204,1.56,1.56,0.0,0.111904,1,2.238072,2.238072,0.167855,4.644,0.335711,0.0,0.0,0.0,1490.453783,4439.69509
W5_P2,W5,P2,23,16.928,0.0,16.928,1.4802,1.4802,0.0,0.372236,1,7.444723,7.444723,0.558354,15.4478,1.116708,0.0,0.0,0.0,4401.497431,3941.492066
W5_P3,W5,P3,0,9.776,0.0,9.776,1.3698,1.3698,0.0,0.202559,1,4.051181,4.051181,0.303839,8.4062,0.607677,0.0,0.0,0.0,2479.802858,4080.790313
W5_P3,W5,P3,1,13.5,0.0,13.5,1.0998,1.0998,0.0,0.2988,1,5.976,5.976,0.4482,12.4002,0.8964,0.0,0.0,0.0,3519.8964,3926.702811
W5_P3,W5,P3,2,15.392,0.0,15.392,0.7998,0.7998,0.0,0.351619,1,7.032386,7.032386,0.527429,14.5922,1.054858,0.0,0.0,0.0,4067.951243,3856.397633
W5_P3,W5,P3,3,13.312,0.0,13.312,0.99,0.99,0.0,0.296916,1,5.938313,5.938313,0.445373,12.322,0.890747,0.0,0.0,0.0,3482.26906,3909.380674
W5_P3,W5,P3,4,15.144,0.0,15.144,1.1802,1.1802,0.0,0.336477,1,6.729542,6.729542,0.504716,13.9638,1.009431,0.0,0.0,0.0,3954.994973,3918.042639
W5_P3,W5,P3,5,14.316,0.0,14.316,1.6302,1.6302,0.0,0.305682,1,6.113639,6.113639,0.458523,12.6858,0.917046,0.0,0.0,0.0,3676.726684,4009.316385
W5_P3,W5,P3,6,17.852,0.0,17.852,2.5002,2.5002,0.0,0.369923,1,7.398458,7.398458,0.554884,15.3518,1.109769,0.0,0.0,0.0,4528.524227,4080.601958
W5_P3,W5,P3,7,9.628,1.28,10.908,3.3702,3.3702,0.0,0.181634,1,3.632675,3.632675,0.272451,7.5378,0.544901,0.0,0.0,0.0,2506.513576,4599.941336
W5_P3,W5,P3,8,22.324,3.2,25.524,4.0098,4.0098,0.0,0.518414,1,10.368289,10.368289,0.777622,21.5142,1.555243,0.0,0.0,0.0,6326.227533,4067.676892
W5_P3,W5,P3,9,20.928,5.12,26.048,4.2,4.2,0.0,0.526458,1,10.529157,10.529157,0.789687,21.848,1.579373,0.0,0.0,0.0,6387.46853,4044.305261
W5_P3,W5,P3,10,15.996,7.68,23.676,4.1202,4.1202,0.0,0.471224,1,9.424482,9.424482,0.706836,19.5558,1.413672,0.0,0.0,0.0,5678.534154,4016.867415
W5_P3,W5,P3,11,14.328,11.52,25.848,3.9,3.9,0.0,0.528867,1,10.577349,10.577349,0.793301,21.948,1.586602,0.0,0.0,0.0,6177.523952,3893.55513
W5_P3,W5,P3,12,12.74,14.08,26.82,3.2598,3.2598,0.0,0.567716,1,11.354313,11.354313,0.851573,23.5602,1.703147,0.0,0.0,0.0,6440.88146,3781.753135
W5_P3,W5,P3,13,12.812,14.08,26.892,2.6898,2.6898,0.0,0.583186,1,11.663711,11.663711,0.874778,24.2022,1.749557,0.0,0.0,0.0,6529.077267,3731.846783
W5_P3,W5,P3,14,8.256,11.52,19.776,3.63,3.63,0.0,0.38906,1,7.781205,7.781205,0.58359,16.146,1.167181,0.0,0.0,0.0,4567.268386,3913.077295
W5_P3,W5,P3,15,8.556,7.04,15.596,3.8202,3.8202,0.0,0.283754,1,5.675084,5.675084,0.425631,11.7758,0.851263,0.0,0.0,0.0,3547.822347,4167.717619
W5_P3,W5,P3,16,15.664,5.12,20.784,3.75,3.75,0.0,0.410458,1,8.209157,8.209157,0.615687,17.034,1.231373,0.0,0.0,0.0,5017.52053,4074.734883
W5_P3,W5,P3,17,8.372,3.2,11.572,3.1398,3.1398,0.0,0.203186,1,4.063711,4.063711,0.304778,8.4322,0.609557,0.0,0.0,0.0,2656.337267,4357.818703
W5_P3,W5,P3,18,7.872,1.28,9.152,2.61,2.61,0.0,0.157639,1,3.152771,3.152771,0.236458,6.542,0.472916,0.0,0.0,0.0,2123.065687,4489.311424
W5_P3,W5,P3,19,11.176,0.0,11.176,2.1198,2.1198,0.0,0.218222,1,4.364434,4.364434,0.327333,9.0562,0.654665,0.0,0.0,0.0,2768.163099,4228.365414
W5_P3,W5,P3,20,9.884,0.0,9.884,1.86,1.86,0.0,0.193349,1,3.866988,3.866988,0.290024,8.024,0.580048,0.0,0.0,0.0,2449.927036,4223.661183
W5_P3,W5,P3,21,9.02,0.0,9.02,1.6302,1.6302,0.0,0.178067,1,3.561349,3.561349,0.267101,7.3898,0.534202,0.0,0.0,0.0,2243.871552,4200.414508
W5_P3,W5,P3,22,6.204,0.0,6.204,1.56,1.56,0.0,0.111904,1,2.238072,2.238072,0.167855,4.644,0.335711,0.0,0.0,0.0,1490.453783,4439.69509
W5_P3,W5,P3,23,16.928,0.0,16.928,1.4802,1.4802,0.0,0.372236,1,7.444723,7.444723,0.558354,15.4478,1.116708,0.0,0.0,0.0,4401.497431,3941.492066
W5_P4,W5,P4,0,9.776,0.0,9.776,1.3698,1.3698,0.0,0.202559,1,4.051181,4.051181,0.303839,8.4062,0.607677,0.0,0.0,0.0,2479.802858,4080.790313
W5_P4,W5,P4,1,13.5,0.0,13.5,1.0998,1.0998,0.0,0.2988,1,5.976,5.976,0.4482,12.4002,0.8964,0.0,0.0,0.0,3519.8964,3926.702811
W5_P4,W5,P4,2,15.392,0.0,15.392,0.7998,0.7998,0.0,0.351619,1,7.032386,7.032386,0.527429,14.5922,1.054858,0.0,0.0,0.0,4067.951243,3856.397633
W5_P4,W5,P4,3,13.312,0.0,13.312,0.99,0.99,0.0,0.296916,1,5.938313,5.938313,0.445373,12.322,0.890747,0.0,0.0,0.0,3482.26906,3909.380674
W5_P4,W5,P4,4,15.144,0.0,15.144,1.1802,1.1802,0.0,0.336477,1,6.729542,6.729542,0.504716,13.9638,1.009431,0.0,0.0,0.0,3954.994973,3918.042639
W5_P4,W5,P4,5,14.316,0.0,14.316,1.6302,1.6302,0.0,0.305682,1,6.113639,6.113639,0.458523,12.6858,0.917046,0.0,0.0,0.0,3676.726684,4009.316385
W5_P4,W5,P4,6,17.852,0.0,17.852,2.5002,2.5002,0.0,0.369923,1,7.398458,7.398458,0.554884,15.3518,1.109769,0.0,0.0,0.0,4528.524227,4080.601958
W5_P4,W5,P4,7,9.628,0.0,9.628,3.3702,3.3702,0.0,0.15079,1,3.015807,3.015807,0.226186,6.2578,0.452371,0.0,0.0,0.0,2198.604178,4860.178412
W5_P4,W5,P4,8,22.324,0.0,22.324,4.0098,4.0098,0.0,0.441306,1,8.82612,8.82612,0.661959,18.3142,1.323918,0.0,0.0,0.0,5556.454039,4196.977256
W5_P4,W5,P4,9,20.928,0.0,20.928,4.2,4.2,0.0,0.403084,1,8.061687,8.061687,0.604627,16.728,1.209253,0.0,0.0,0.0,5155.83094,4263.64945
W5_P4,W5,P4,10,15.996,0.0,15.996,4.1202,4.1202,0.0,0.286164,1,5.723277,5.723277,0.429246,11.8758,0.858492,0.0,0.0,0.0,3831.077769,4462.568905
W5_P4,W5,P4,11,14.328,1.28,15.608,3.9,3.9,0.0,0.28212,1,5.64241,5.64241,0.423181,11.708,0.846361,0.0,0.0,0.0,3714.248771,4388.490035
W5_P4,W5,P4,12,12.74,5.12,17.86,3.2598,3.2598,0.0,0.351812,1,7.036241,7.036241,0.527718,14.6002,1.055436,0.0,0.0,0.0,4285.515677,4060.42156
W5_P4,W5,P4,13,12.812,7.68,20.492,2.6898,2.6898,0.0,0.428969,1,8.579373,8.579373,0.643453,17.8022,1.286906,0.0,0.0,0.0,4989.53028,3877.152011
W5_P4,W5,P4,14,8.256,5.12,13.376,3.63,3.63,0.0,0.234843,1,4.696867,4.696867,0.352265,9.746,0.70453,0.0,0.0,0.0,3027.721398,4297.504549
W5_P4,W5,P4,15,8.556,1.28,9.836,3.8202,3.8202,0.0,0.144959,1,2.899181,2.899181,0.217439,6.0158,0.434877,0.0,0.0,0.0,2162.230058,4972.048461
W5_P4,W5,P4,16,15.664,0.0,15.664,3.75,3.75,0.0,0.287084,1,5.741687,5.741687,0.430627,11.914,0.861253,0.0,0.0,0.0,3785.88294,4395.784847
W5_P4,W5,P4,17,8.372,0.0,8.372,3.1398,3.1398,0.0,0.126077,1,2.521542,2.521542,0.189116,5.2322,0.378231,0.0,0.0,0.0,1886.563773,4987.857026
W5_P4,W5,P4,18,7.872,0.0,7.872,2.61,2.61,0.0,0.126795,1,2.535904,2.535904,0.190193,5.262,0.380386,0.0,0.0,0.0,1815.156289,4771.885595
W5_P4,W5,P4,19,11.176,0.0,11.176,2.1198,2.1198,0.0,0.218222,1,4.364434,4.364434,0.327333,9.0562,0.654665,0.0,0.0,0.0,2768.163099,4228.365414
W5_P4,W5,P4,20,9.884,0.0,9.884,1.86,1.86,0.0,0.193349,1,3.866988,3.866988,0.290024,8.024,0.580048,0.0,0.0,0.0,2449.927036,4223.661183
W5_P4,W5,P4,21,9.02,0.0,9.02,1.6302,1.6302,0.0,0.178067,1,3.561349,3.561349,0.267101,7.3898,0.534202,0.0,0.0,0.0,2243.871552,4200.414508
W5_P4,W5,P4,22,6.204,0.0,6.204,1.56,1.56,0.0,0.111904,1,2.238072,2.238072,0.167855,4.644,0.335711,0.0,0.0,0.0,1490.453783,4439.69509
W5_P4,W5,P4,23,16.928,0.0,16.928,1.4802,1.4802,0.0,0.372236,1,7.444723,7.444723,0.558354,15.4478,1.116708,0.0,0.0,0.0,4401.497431,3941.492066
W6_P1,W6,P1,0,9.448,0.0,9.448,1.3698,1.3698,0.0,0.194655,1,3.893108,3.893108,0.291983,8.0782,0.583966,0.0,0.0,0.0,2391.061075,4094.519183
W6_P1,W6,P1,1,10.504,0.0,10.504,1.0998,1.0998,0.0,0.226607,1,4.532145,4.532145,0.339911,9.4042,0.679822,0.0,0.0,0.0,2709.315966,3985.333241
W6_P1,W6,P1,2,11.788,0.0,11.788,0.7998,0.7998,0.0,0.264776,1,5.295518,5.295518,0.397164,10.9882,0.794328,0.0,0.0,0.0,3092.873846,3893.700048
W6_P1,W6,P1,3,11.504,0.0,11.504,0.99,0.99,0.0,0.253349,1,5.066988,5.066988,0.380024,10.514,0.760048,0.0,0.0,0.0,2993.107036,3938.049014
W6_P1,W6,P1,4,11.16,0.0,11.16,1.1802,1.1802,0.0,0.240477,1,4.809542,4.809542,0.360716,9.9798,0.721431,0.0,0.0,0.0,2877.106973,3988.053849
W6_P1,W6,P1,5,10.964,0.0,10.964,1.6302,1.6302,0.0,0.224911,1,4.498217,4.498217,0.337366,9.3338,0.674733,0.0,0.0,0.0,2769.828949,4105.076939
W6_P1,W6,P1,6,10.744,14.08,24.824,2.5002,2.5002,0.0,0.537923,1,10.758458,10.758458,0.806884,22.3238,1.613769,0.0,0.0,0.0,5992.428227,3713.313017
W6_P1,W6,P1,7,10.34,25.6,35.94,3.3702,3.3702,0.0,0.784814,1,15.696289,15.696289,1.177222,32.5698,2.354443,0.0,0.0,0.0,8549.426733,3631.188088
W6_P1,W6,P1,8,9.672,37.12,46.792,4.0098,4.0098,0.0,1.0,1,20.0,20.0,1.5,41.5,3.0,1.2822,0.0,0.0,10908.2,3636.066667
W6_P1,W6,P1,9,6.948,46.08,53.028,4.2,4.2,0.0,1.0,1,20.0,20.0,1.5,41.5,3.0,7.328,0.0,0.0,11574.8,3858.266667
W6_P1,W6,P1,10,6.04,52.48,58.52,4.1202,4.1202,0.0,1.0,1,20.0,20.0,1.5,41.5,3.0,12.8998,0.0,0.0,12206.6,4068.866667
W6_P1,W6,P1,11,6.06,55.04,61.1,3.9,3.9,0.0,1.0,1,20.0,20.0,1.5,41.5,3.0,15.7,0.0,0.0,12516.8,4172.266667
W6_P1,W6,P1,12,6.528,56.32,62.848,3.2598,3.2598,0.0,1.0,1,20.0,20.0,1.5,41.5,3.0,18.0882,0.0,0.0,12740.6,4246.866667
W6_P1,W6,P1,13,5.768,56.32,62.088,2.6898,2.6898,0.0,1.0,1,20.0,20.0,1.5,41.5,3.0,17.8982,0.0,0.0,12626.6,4208.866667
W6_P1,W6,P1,14,5.432,52.48,57.912,3.63,3.63,0.0,1.0,1,20.0,20.0,1.5,41.5,3.0,12.782,0.0,0.0,12115.4,4038.466667
W6_P1,W6,P1,15,5.368,44.8,50.168,3.8202,3.8202,0.0,1.0,1,20.0,20.0,1.5,41.5,3.0,4.8478,0.0,0.0,11184.2,3728.066667
W6_P1,W6,P1,16,6.656,33.28,39.936,3.75,3.75,0.0,0.871952,1,17.439036,17.439036,1.307928,36.186,2.615855,0.0,0.0,0.0,9354.374892,3576.029017
W6_P1,W6,P1,17,8.408,24.32,32.728,3.1398,3.1398,0.0,0.712969,1,14.259373,14.259373,1.069453,29.5882,2.138906,0.0,0.0,0.0,7746.58228,3621.749713
W6_P1,W6,P1,18,10.808,11.52,22.328,2.61,2.61,0.0,0.475133,1,9.502651,9.502651,0.712699,19.718,1.425398,0.0,0.0,0.0,5380.688048,3774.868208
W6_P1,W6,P1,19,9.604,0.0,9.604,2.1198,2.1198,0.0,0.180342,1,3.606843,3.606843,0.270513,7.4842,0.541027,0.0,0.0,0.0,2342.85187,4330.382789
W6_P1,W6,P1,20,6.832,0.0,6.832,1.86,1.86,0.0,0.119807,1,2.396145,2.396145,0.179711,4.972,0.359422,0.0,0.0,0.0,1624.195566,4518.91365
W6_P1,W6,P1,21,8.384,0.0,8.384,1.6302,1.6302,0.0,0.162742,1,3.254843,3.254843,0.244113,6.7538,0.488227,0.0,0.0,0.0,2071.79907,4243.52026
W6_P1,W6,P1,22,7.688,0.0,7.688,1.56,1.56,0.0,0.147663,1,2.953253,2.953253,0.221494,6.128,0.442988,0.0,0.0,0.0,1891.956241,4270.897737
W6_P1,W6,P1,23,9.672,0.0,9.672,1.4802,1.4802,0.0,0.197393,1,3.947855,3.947855,0.296089,8.1918,0.592178,0.0,0.0,0.0,2438.356034,4117.604409
W6_P2,W6,P2,0,9.448,0.0,9.448,1.3698,1.3698,0.0,0.194655,1,3.893108,3.893108,0.291983,8.0782,0.583966,0.0,0.0,0.0,2391.061075,4094.519183
W6_P2,W6,P2,1,10.504,0.0,10.504,1.0998,1.0998,0.0,0.226607,1,4.532145,4.532145,0.339911,9.4042,0.679822,0.0,0.0,0.0,2709.315966,3985.333241
W6_P2,W6,P2,2,11.788,0.0,11.788,0.7998,0.7998,0.0,0.264776,1,5.295518,5.295518,0.397164,10.9882,0.794328,0.0,0.0,0.0,3092.873846,3893.700048
W6_P2,W6,P2,3,11.504,0.0,11.504,0.99,0.99,0.0,0.253349,1,5.066988,5.066988,0.380024,10.514,0.760048,0.0,0.0,0.0,2993.107036,3938.049014
W6_P2,W6,P2,4,11.16,0.0,11.16,1.1802,1.1802,0.0,0.240477,1,4.809542,4.809542,0.360716,9.9798,0.721431,0.0,0.0,0.0,2877.106973,3988.053849
W6_P2,W6,P2,5,10.964,0.0,10.964,1.6302,1.6302,0.0,0.224911,1,4.498217,4.498217,0.337366,9.3338,0.674733,0.0,0.0,0.0,2769.828949,4105.076939
W6_P2,W6,P2,6,10.744,0.0,10.744,2.5002,2.5002,0.0,0.198646,1,3.972916,3.972916,0.297969,8.2438,0.595937,0.0,0.0,0.0,2605.424853,4371.977785
W6_P2,W6,P2,7,10.34,3.2,13.54,3.3702,3.3702,0.0,0.245055,1,4.901108,4.901108,0.367583,10.1698,0.735166,0.0,0.0,0.0,3161.012275,4299.724328
W6_P2,W6,P2,8,9.672,10.88,20.552,4.0098,4.0098,0.0,0.398607,1,7.972145,7.972145,0.597911,16.5422,1.195822,0.0,0.0,0.0,4750.631966,3972.6926
W6_P2,W6,P2,9,6.948,17.92,24.868,4.2,4.2,0.0,0.498024,1,9.960482,9.960482,0.747036,20.668,1.494072,0.0,0.0,0.0,5684.214554,3804.511064
W6_P2,W6,P2,10,6.04,24.96,31.0,4.1202,4.1202,0.0,0.647706,1,12.95412,12.95412,0.971559,26.8798,1.943118,0.0,0.0,0.0,7141.673239,3675.367617
W6_P2,W6,P2,11,6.06,31.36,37.42,3.9,3.9,0.0,0.807711,1,16.154217,16.154217,1.211566,33.52,2.423133,0.0,0.0,0.0,8713.177349,3595.831941
W6_P2,W6,P2,12,6.528,35.84,42.368,3.2598,3.2598,0.0,0.942366,1,18.847325,18.847325,1.413549,39.1082,2.827099,0.0,0.0,0.0,9994.658424,3535.305678
W6_P2,W6,P2,13,5.768,37.12,42.888,2.6898,2.6898,0.0,0.968631,1,19.372627,19.372627,1.452947,40.1982,2.905894,0.0,0.0,0.0,10165.66252,3498.290923
W6_P2,W6,P2,14,5.432,32.0,37.432,3.63,3.63,0.0,0.814506,1,16.29012,16.29012,1.221759,33.802,2.443518,0.0,0.0,0.0,8729.773639,3572.624953
W6_P2,W6,P2,15,5.368,25.6,30.968,3.8202,3.8202,0.0,0.654164,1,13.083277,13.083277,0.981246,27.1478,1.962492,0.0,0.0,0.0,7149.981769,3643.318469
W6_P2,W6,P2,16,6.656,19.2,25.856,3.75,3.75,0.0,0.532675,1,10.653494,10.653494,0.799012,22.106,1.598024,0.0,0.0,0.0,5967.371518,3734.218734
W6_P2,W6,P2,17,8.408,9.6,18.008,3.1398,3.1398,0.0,0.35827,1,7.165398,7.165398,0.537405,14.8682,1.07481,0.0,0.0,0.0,4205.624207,3912.901463
W6_P2,W6,P2,18,10.808,3.2,14.008,2.61,2.61,0.0,0.274651,1,5.493012,5.493012,0.411976,11.398,0.823952,0.0,0.0,0.0,3379.276964,4101.304147
W6_P2,W6,P2,19,9.604,0.0,9.604,2.1198,2.1198,0.0,0.180342,1,3.606843,3.606843,0.270513,7.4842,0.541027,0.0,0.0,0.0,2342.85187,4330.382789
W6_P2,W6,P2,20,6.832,0.0,6.832,1.86,1.86,0.0,0.119807,1,2.396145,2.396145,0.179711,4.972,0.359422,0.0,0.0,0.0,1624.195566,4518.91365
W6_P2,W6,P2,21,8.384,0.0,8.384,1.6302,1.6302,0.0,0.162742,1,3.254843,3.254843,0.244113,6.7538,0.488227,0.0,0.0,0.0,2071.79907,4243.52026
W6_P2,W6,P2,22,7.688,0.0,7.688,1.56,1.56,0.0,0.147663,1,2.953253,2.953253,0.221494,6.128,0.442988,0.0,0.0,0.0,1891.956241,4270.897737
W6_P2,W6,P2,23,9.672,0.0,9.672,1.4802,1.4802,0.0,0.197393,1,3.947855,3.947855,0.296089,8.1918,0.592178,0.0,0.0,0.0,2438.356034,4117.604409
W6_P3,W6,P3,0,9.448,0.0,9.448,1.3698,1.3698,0.0,0.194655,1,3.893108,3.893108,0.291983,8.0782,0.583966,0.0,0.0,0.0,2391.061075,4094.519183
W6_P3,W6,P3,1,10.504,0.0,10.504,1.0998,1.0998,0.0,0.226607,1,4.532145,4.532145,0.339911,9.4042,0.679822,0.0,0.0,0.0,2709.315966,3985.333241
W6_P3,W6,P3,2,11.788,0.0,11.788,0.7998,0.7998,0.0,0.264776,1,5.295518,5.295518,0.397164,10.9882,0.794328,0.0,0.0,0.0,3092.873846,3893.700048
W6_P3,W6,P3,3,11.504,0.0,11.504,0.99,0.99,0.0,0.253349,1,5.066988,5.066988,0.380024,10.514,0.760048,0.0,0.0,0.0,2993.107036,3938.049014
W6_P3,W6,P3,4,11.16,0.0,11.16,1.1802,1.1802,0.0,0.240477,1,4.809542,4.809542,0.360716,9.9798,0.721431,0.0,0.0,0.0,2877.106973,3988.053849
W6_P3,W6,P3,5,10.964,0.0,10.964,1.6302,1.6302,0.0,0.224911,1,4.498217,4.498217,0.337366,9.3338,0.674733,0.0,0.0,0.0,2769.828949,4105.076939
W6_P3,W6,P3,6,10.744,0.0,10.744,2.5002,2.5002,0.0,0.198646,1,3.972916,3.972916,0.297969,8.2438,0.595937,0.0,0.0,0.0,2605.424853,4371.977785
W6_P3,W6,P3,7,10.34,1.28,11.62,3.3702,3.3702,0.0,0.19879,1,3.975807,3.975807,0.298186,8.2498,0.596371,0.0,0.0,0.0,2699.148178,4525.95414
W6_P3,W6,P3,8,9.672,3.2,12.872,4.0098,4.0098,0.0,0.213547,1,4.27094,4.27094,0.32032,8.8622,0.640641,0.0,0.0,0.0,2903.175581,4531.673347
W6_P3,W6,P3,9,6.948,5.12,12.068,4.2,4.2,0.0,0.18959,1,3.791807,3.791807,0.284386,7.868,0.568771,0.0,0.0,0.0,2605.120578,4580.261989
W6_P3,W6,P3,10,6.04,7.68,13.72,4.1202,4.1202,0.0,0.23132,1,4.62641,4.62641,0.346981,9.5998,0.693961,0.0,0.0,0.0,2984.896371,4301.242366
W6_P3,W6,P3,11,6.06,11.52,17.58,3.9,3.9,0.0,0.329639,1,6.592771,6.592771,0.494458,13.68,0.988916,0.0,0.0,0.0,3940.581687,3984.75
W6_P3,W6,P3,12,6.528,14.08,20.608,3.2598,3.2598,0.0,0.418029,1,8.360578,8.360578,0.627043,17.3482,1.254087,0.0,0.0,0.0,4760.198665,3795.749119
W6_P3,W6,P3,13,5.768,14.08,19.848,2.6898,2.6898,0.0,0.413451,1,8.269012,8.269012,0.620176,17.1582,1.240352,0.0,0.0,0.0,4623.293364,3727.404868
W6_P3,W6,P3,14,5.432,11.52,16.952,3.63,3.63,0.0,0.321012,1,6.420241,6.420241,0.481518,13.322,0.963036,0.0,0.0,0.0,3803.223277,3949.200971
W6_P3,W6,P3,15,5.368,7.04,12.408,3.8202,3.8202,0.0,0.206935,1,4.138699,4.138699,0.310402,8.5878,0.620805,0.0,0.0,0.0,2685.295504,4325.506859
W6_P3,W6,P3,16,6.656,5.12,11.776,3.75,3.75,0.0,0.193398,1,3.867952,3.867952,0.290096,8.026,0.580193,0.0,0.0,0.0,2580.368145,4447.432428
W6_P3,W6,P3,17,8.408,3.2,11.608,3.1398,3.1398,0.0,0.204053,1,4.08106,4.08106,0.30608,8.4682,0.612159,0.0,0.0,0.0,2666.077219,4355.203569
W6_P3,W6,P3,18,10.808,1.28,12.088,2.61,2.61,0.0,0.228386,1,4.567711,4.567711,0.342578,9.478,0.685157,0.0,0.0,0.0,2917.412867,4258.023282
W6_P3,W6,P3,19,9.604,0.0,9.604,2.1198,2.1198,0.0,0.180342,1,3.606843,3.606843,0.270513,7.4842,0.541027,0.0,0.0,0.0,2342.85187,4330.382789
W6_P3,W6,P3,20,6.832,0.0,6.832,1.86,1.86,0.0,0.119807,1,2.396145,2.396145,0.179711,4.972,0.359422,0.0,0.0,0.0,1624.195566,4518.91365
W6_P3,W6,P3,21,8.384,0.0,8.384,1.6302,1.6302,0.0,0.162742,1,3.254843,3.254843,0.244113,6.7538,0.488227,0.0,0.0,0.0,2071.79907,4243.52026
W6_P3,W6,P3,22,7.688,0.0,7.688,1.56,1.56,0.0,0.147663,1,2.953253,2.953253,0.221494,6.128,0.442988,0.0,0.0,0.0,1891.956241,4270.897737
W6_P3,W6,P3,23,9.672,0.0,9.672,1.4802,1.4802,0.0,0.197393,1,3.947855,3.947855,0.296089,8.1918,0.592178,0.0,0.0,0.0,2438.356034,4117.604409
W6_P4,W6,P4,0,9.448,0.0,9.448,1.3698,1.3698,0.0,0.194655,1,3.893108,3.893108,0.291983,8.0782,0.583966,0.0,0.0,0.0,2391.061075,4094.519183
W6_P4,W6,P4,1,10.504,0.0,10.504,1.0998,1.0998,0.0,0.226607,1,4.532145,4.532145,0.339911,9.4042,0.679822,0.0,0.0,0.0,2709.315966,3985.333241
W6_P4,W6,P4,2,11.788,0.0,11.788,0.7998,0.7998,0.0,0.264776,1,5.295518,5.295518,0.397164,10.9882,0.794328,0.0,0.0,0.0,3092.873846,3893.700048
W6_P4,W6,P4,3,11.504,0.0,11.504,0.99,0.99,0.0,0.253349,1,5.066988,5.066988,0.380024,10.514,0.760048,0.0,0.0,0.0,2993.107036,3938.049014
W6_P4,W6,P4,4,11.16,0.0,11.16,1.1802,1.1802,0.0,0.240477,1,4.809542,4.809542,0.360716,9.9798,0.721431,0.0,0.0,0.0,2877.106973,3988.053849
W6_P4,W6,P4,5,10.964,0.0,10.964,1.6302,1.6302,0.0,0.224911,1,4.498217,4.498217,0.337366,9.3338,0.674733,0.0,0.0,0.0,2769.828949,4105.076939
W6_P4,W6,P4,6,10.744,0.0,10.744,2.5002,2.5002,0.0,0.198646,1,3.972916,3.972916,0.297969,8.2438,0.595937,0.0,0.0,0.0,2605.424853,4371.977785
W6_P4,W6,P4,7,10.34,0.0,10.34,3.3702,3.3702,0.0,0.167947,1,3.35894,3.35894,0.25192,6.9698,0.503841,0.0,0.0,0.0,2391.238781,4746.018987
W6_P4,W6,P4,8,9.672,0.0,9.672,4.0098,4.0098,0.0,0.136439,1,2.728771,2.728771,0.204658,5.6622,0.409316,0.0,0.0,0.0,2133.402087,5212.119353
W6_P4,W6,P4,9,6.948,0.0,6.948,4.2,4.2,0.0,0.0,0,0.0,0.0,0.0,0.0,0.0,2.748,0.0,0.0,1042.2,
W6_P4,W6,P4,10,6.04,0.0,6.04,4.1202,4.1202,0.0,0.0,0,0.0,0.0,0.0,0.0,0.0,1.9198,0.0,0.0,906.0,
W6_P4,W6,P4,11,6.06,1.28,7.34,3.9,3.9,0.0,0.0,0,0.0,0.0,0.0,0.0,0.0,3.44,0.0,0.0,1062.6,
W6_P4,W6,P4,12,6.528,5.12,11.648,3.2598,3.2598,0.0,0.202125,1,4.042506,4.042506,0.303188,8.3882,0.606376,0.0,0.0,0.0,2604.832882,4295.739436
W6_P4,W6,P4,13,5.768,7.68,13.448,2.6898,2.6898,0.0,0.259234,1,5.184675,5.184675,0.388851,10.7582,0.777701,0.0,0.0,0.0,3083.746376,3965.207147
W6_P4,W6,P4,14,5.432,5.12,10.552,3.63,3.63,0.0,0.166795,1,3.335904,3.335904,0.250193,6.922,0.500386,0.0,0.0,0.0,2263.676289,4523.864297
W6_P4,W6,P4,15,5.368,1.28,6.648,3.8202,3.8202,0.0,0.0,0,0.0,0.0,0.0,0.0,0.0,2.8278,0.0,0.0,958.8,
W6_P4,W6,P4,16,6.656,0.0,6.656,3.75,3.75,0.0,0.0,0,0.0,0.0,0.0,0.0,0.0,2.906,0.0,0.0,998.4,
W6_P4,W6,P4,17,8.408,0.0,8.408,3.1398,3.1398,0.0,0.126945,1,2.538892,2.538892,0.190417,5.2682,0.380834,0.0,0.0,0.0,1896.303725,4979.348076
W6_P4,W6,P4,18,10.808,0.0,10.808,2.61,2.61,0.0,0.197542,1,3.950843,3.950843,0.296313,8.198,0.592627,0.0,0.0,0.0,2609.50347,4403.28511
W6_P4,W6,P4,19,9.604,0.0,9.604,2.1198,2.1198,0.0,0.180342,1,3.606843,3.606843,0.270513,7.4842,0.541027,0.0,0.0,0.0,2342.85187,4330.382789
W6_P4,W6,P4,20,6.832,0.0,6.832,1.86,1.86,0.0,0.119807,1,2.396145,2.396145,0.179711,4.972,0.359422,0.0,0.0,0.0,1624.195566,4518.91365
W6_P4,W6,P4,21,8.384,0.0,8.384,1.6302,1.6302,0.0,0.162742,1,3.254843,3.254843,0.244113,6.7538,0.488227,0.0,0.0,0.0,2071.79907,4243.52026
W6_P4,W6,P4,22,7.688,0.0,7.688,1.56,1.56,0.0,0.147663,1,2.953253,2.953253,0.221494,6.128,0.442988,0.0,0.0,0.0,1891.956241,4270.897737
W6_P4,W6,P4,23,9.672,0.0,9.672,1.4802,1.4802,0.0,0.197393,1,3.947855,3.947855,0.296089,8.1918,0.592178,0.0,0.0,0.0,2438.356034,4117.604409
