scenario_id,hour,P_wind_MW,P_pv_MW,P_re_MW,P_load_MW,P_load_served_MW,P_load_shed_MW,P_charge_MW,P_discharge_MW,SOC_MWh,plant_load_ratio,plant_on,P_plant_MW,NH3_t,P_curtail_MW,cost_yuan
W1_P1,0,9.776,0.0,9.776,1.3698,1.3698,0.0,0.0,2.2455,2.5,0.256667,1,10.6517,0.770002,0.0,2772.962352
W1_P1,1,10.904,0.0,10.904,1.0998,1.0998,0.0,0.0,0.0,0.0,0.236246,1,9.8042,0.708737,0.0,2817.537653
W1_P1,2,15.152,0.0,15.152,0.7998,0.7998,0.0,0.0,0.0,0.0,0.345836,1,14.3522,1.037508,0.0,4003.018231
W1_P1,3,13.312,0.0,13.312,0.99,0.99,0.0,0.0,0.0,0.0,0.296916,1,12.322,0.890747,0.0,3482.26906
W1_P1,4,15.072,0.0,15.072,1.1802,1.1802,0.0,0.0,0.0,0.0,0.334742,1,13.8918,1.004227,0.0,3935.51507
W1_P1,5,18.724,0.0,18.724,1.6302,1.6302,0.0,0.0,-0.0,0.0,0.411899,1,17.0938,1.235696,0.0,4869.329672
W1_P1,6,9.628,14.08,23.708,2.5002,2.5002,0.0,0.0,-0.0,0.0,0.511031,1,21.2078,1.533094,0.0,5690.48972
W1_P1,7,22.804,25.6,48.404,3.3702,3.3702,0.0,3.5338,-0.0,0.0,1.0,1,41.5,3.0,-0.0,11495.6
W1_P1,8,17.852,37.12,54.972,4.0098,4.0098,0.0,-0.0,2.405751,3.18042,1.0,1,41.5,3.0,11.867951,12159.257514
W1_P1,9,14.328,46.08,60.408,4.2,4.2,0.0,5.0,0.0,0.501002,1.0,1,41.5,3.0,9.708,12681.8
W1_P1,10,11.904,52.48,64.384,4.1202,4.1202,0.0,-0.0,4.040098,5.0,1.0,1,41.5,3.0,22.803898,13126.600982
W1_P1,11,7.736,55.04,62.776,3.9,3.9,0.0,5.0,0.0,0.501002,1.0,1,41.5,3.0,12.376,12768.2
W1_P1,12,8.556,56.32,64.876,3.2598,3.2598,0.0,-0.0,4.040098,5.0,1.0,1,41.5,3.0,24.156298,13085.200982
W1_P1,13,14.52,56.32,70.84,2.6898,2.6898,0.0,5.0,0.0,0.501002,1.0,1,41.5,3.0,21.6502,13939.4
W1_P1,14,6.708,52.48,59.188,3.63,3.63,0.0,-0.0,4.040098,5.0,1.0,1,41.5,3.0,18.098098,12347.200982
W1_P1,15,11.176,44.8,55.976,3.8202,3.8202,0.0,5.0,0.0,0.501002,1.0,1,41.5,3.0,5.6558,12055.4
W1_P1,16,10.108,33.28,43.388,3.75,3.75,0.0,0.0,1.673961,5.0,0.995469,1,41.311961,2.986407,0.0,10506.870664
W1_P1,17,6.384,24.32,30.704,3.1398,3.1398,0.0,0.0,0.0,3.130044,0.664198,1,27.5642,1.992593,0.0,7198.980545
W1_P1,18,6.428,11.52,17.948,2.61,2.61,0.0,0.0,0.0,3.123784,0.36959,1,15.338,1.108771,0.0,4195.660578
W1_P1,19,5.736,0.0,5.736,2.1198,2.1198,0.0,0.0,0.5338,3.117536,0.1,1,4.15,0.3,0.0,1366.038
W1_P1,20,3.752,0.0,3.752,1.86,1.86,0.0,1.892,-0.0,2.51819,0.0,0,0.0,0.0,0.0,562.8
W1_P1,21,3.692,0.0,3.692,1.6302,1.6302,0.0,-0.0,2.0882,4.215954,0.1,1,4.15,0.3,0.0,1074.982
W1_P1,22,4.88,0.0,4.88,1.56,1.56,0.0,0.0,0.83,1.887299,0.1,1,4.15,0.3,0.0,1240.6
W1_P1,23,3.192,0.0,3.192,1.4802,1.4802,0.0,1.7118,0.0,0.961303,0.0,0,0.0,0.0,0.0,478.8
W1_P2,0,9.776,0.0,9.776,1.3698,1.3698,0.0,0.0,2.2455,2.5,0.256667,1,10.6517,0.770002,0.0,2772.962352
W1_P2,1,10.904,0.0,10.904,1.0998,1.0998,0.0,0.0,0.0,0.0,0.236246,1,9.8042,0.708737,0.0,2817.537653
W1_P2,2,15.152,0.0,15.152,0.7998,0.7998,0.0,0.0,0.0,-0.0,0.345836,1,14.3522,1.037508,0.0,4003.018231
W1_P2,3,13.312,0.0,13.312,0.99,0.99,0.0,0.0,0.0,-0.0,0.296916,1,12.322,0.890747,0.0,3482.26906
W1_P2,4,15.072,0.0,15.072,1.1802,1.1802,0.0,0.0,0.0,-0.0,0.334742,1,13.8918,1.004227,0.0,3935.51507
W1_P2,5,18.724,0.0,18.724,1.6302,1.6302,0.0,0.0,0.0,-0.0,0.411899,1,17.0938,1.235696,0.0,4869.329672
W1_P2,6,9.628,0.0,9.628,2.5002,2.5002,0.0,0.0,0.0,-0.0,0.171754,1,7.1278,0.515263,0.0,2303.486347
W1_P2,7,22.804,3.2,26.004,3.3702,3.3702,0.0,0.0,0.0,-0.0,0.545393,1,22.6338,1.636178,0.0,6533.200034
W1_P2,8,17.852,10.88,28.732,4.0098,4.0098,0.0,0.0,0.0,-0.0,0.595716,1,24.7222,1.787147,0.0,6963.76546
W1_P2,9,14.328,17.92,32.248,4.2,4.2,0.0,0.0,0.0,-0.0,0.675855,1,28.048,2.027566,0.0,7680.904675
W1_P2,10,11.904,24.96,36.864,4.1202,4.1202,0.0,0.0,0.0,-0.0,0.789007,1,32.7438,2.367022,0.0,8728.203166
W1_P2,11,7.736,31.36,39.096,3.9,3.9,0.0,0.0,0.0,-0.0,0.848096,1,35.196,2.544289,0.0,9166.626217
W1_P2,12,8.556,35.84,44.396,3.2598,3.2598,0.0,0.0,0.0,-0.0,0.991234,1,41.1362,2.973701,0.0,10543.342376
W1_P2,13,14.52,37.12,51.64,2.6898,2.6898,0.0,5.0,0.0,0.0,1.0,1,41.5,3.0,2.4502,11635.4
W1_P2,14,6.708,32.0,38.708,3.63,3.63,0.0,0.0,1.213559,4.5,0.874495,1,36.291559,2.623486,0.0,9233.436006
W1_P2,15,11.176,25.6,36.776,3.8202,3.8202,0.0,0.0,0.0,3.142602,0.794116,1,32.9558,2.382347,0.0,8721.36066
W1_P2,16,10.108,19.2,29.308,3.75,3.75,0.0,0.0,0.0,3.136316,0.615855,1,25.558,1.847566,0.0,6901.324675
W1_P2,17,6.384,9.6,15.984,3.1398,3.1398,0.0,0.0,0.0,3.130044,0.309499,1,12.8442,0.928496,0.0,3658.022472
W1_P2,18,6.428,3.2,9.628,2.61,2.61,0.0,0.0,0.0,3.123784,0.169108,1,7.018,0.507325,0.0,2194.249494
W1_P2,19,5.736,0.0,5.736,2.1198,2.1198,0.0,0.0,0.5338,3.117536,0.1,1,4.15,0.3,0.0,1366.038
W1_P2,20,3.752,0.0,3.752,1.86,1.86,0.0,1.892,-0.0,2.51819,0.0,0,0.0,0.0,0.0,562.8
W1_P2,21,3.692,0.0,3.692,1.6302,1.6302,0.0,0.0,2.0882,4.215954,0.1,1,4.15,0.3,0.0,1074.982
W1_P2,22,4.88,0.0,4.88,1.56,1.56,0.0,0.0,0.83,1.887299,0.1,1,4.15,0.3,0.0,1240.6
W1_P2,23,3.192,0.0,3.192,1.4802,1.4802,0.0,1.7118,0.0,0.961303,0.0,0,0.0,0.0,0.0,478.8
W1_P3,0,9.776,0.0,9.776,1.3698,1.3698,0.0,0.0,0.0,2.5,0.202559,1,8.4062,0.607677,0.0,2479.802858
W1_P3,1,10.904,0.0,10.904,1.0998,1.0998,0.0,0.0,0.0,2.495,0.236246,1,9.8042,0.708737,0.0,2817.537653
W1_P3,2,15.152,0.0,15.152,0.7998,0.7998,0.0,0.0,0.0,2.49001,0.345836,1,14.3522,1.037508,0.0,4003.018231
W1_P3,3,13.312,0.0,13.312,0.99,0.99,0.0,0.0,0.0,2.48503,0.296916,1,12.322,0.890747,0.0,3482.26906
W1_P3,4,15.072,0.0,15.072,1.1802,1.1802,0.0,0.0,0.0,2.48006,0.334742,1,13.8918,1.004227,0.0,3935.51507
W1_P3,5,18.724,0.0,18.724,1.6302,1.6302,0.0,0.0,0.0,2.4751,0.411899,1,17.0938,1.235696,0.0,4869.329672
W1_P3,6,9.628,0.0,9.628,2.5002,2.5002,0.0,0.0,0.0,2.47015,0.171754,1,7.1278,0.515263,0.0,2303.486347
W1_P3,7,22.804,1.28,24.084,3.3702,3.3702,0.0,0.0,0.0,2.465209,0.499128,1,20.7138,1.497383,0.0,6071.335937
W1_P3,8,17.852,3.2,21.052,4.0098,4.0098,0.0,0.0,0.0,2.460279,0.410655,1,17.0422,1.231966,0.0,5116.309075
W1_P3,9,14.328,5.12,19.448,4.2,4.2,0.0,0.0,0.0,2.455358,0.367422,1,15.248,1.102265,0.0,4601.810699
W1_P3,10,11.904,7.68,19.584,4.1202,4.1202,0.0,0.0,0.0,2.450448,0.372622,1,15.4638,1.117865,0.0,4571.426299
W1_P3,11,7.736,11.52,19.256,3.9,3.9,0.0,0.0,0.0,2.445547,0.370024,1,15.356,1.110072,0.0,4394.030554
W1_P3,12,8.556,14.08,22.636,3.2598,3.2598,0.0,0.0,0.0,2.440656,0.466896,1,19.3762,1.400689,0.0,5308.882617
W1_P3,13,14.52,14.08,28.6,2.6898,2.6898,0.0,0.0,0.0,2.435774,0.624342,1,25.9102,1.873027,0.0,6991.18387
W1_P3,14,6.708,11.52,18.228,3.63,3.63,0.0,0.0,0.0,2.430903,0.351759,1,14.598,1.055277,0.0,4148.450458
W1_P3,15,11.176,7.04,18.216,3.8202,3.8202,0.0,0.0,0.0,2.426041,0.346887,1,14.3958,1.04066,0.0,4256.674395
W1_P3,16,10.108,5.12,15.228,3.75,3.75,0.0,0.0,0.0,2.421189,0.276578,1,11.478,0.829735,0.0,3514.321301
W1_P3,17,6.384,3.2,9.584,3.1398,3.1398,0.0,0.0,0.0,2.416346,0.155282,1,6.4442,0.465846,0.0,2118.475484
W1_P3,18,6.428,1.28,7.708,2.61,2.61,0.0,0.789828,0.0,2.411514,0.103811,1,4.308172,0.311434,0.0,1637.168282
W1_P3,19,5.736,0.0,5.736,2.1198,2.1198,0.0,0.0,0.5338,3.117536,0.1,1,4.15,0.3,0.0,1366.038
W1_P3,20,3.752,0.0,3.752,1.86,1.86,0.0,1.892,0.0,2.51819,0.0,0,0.0,0.0,0.0,562.8
W1_P3,21,3.692,0.0,3.692,1.6302,1.6302,0.0,-0.0,2.0882,4.215954,0.1,1,4.15,0.3,0.0,1074.982
W1_P3,22,4.88,0.0,4.88,1.56,1.56,0.0,0.0,0.83,1.887299,0.1,1,4.15,0.3,0.0,1240.6
W1_P3,23,3.192,0.0,3.192,1.4802,1.4802,0.0,1.7118,0.0,0.961303,0.0,0,0.0,0.0,0.0,478.8
W1_P4,0,9.776,0.0,9.776,1.3698,1.3698,0.0,0.0,0.409663,2.5,0.21243,1,8.815863,0.637291,0.0,2533.286139
W1_P4,1,10.904,0.0,10.904,1.0998,1.0998,0.0,0.0,0.0,2.039818,0.236246,1,9.8042,0.708737,0.0,2817.537653
W1_P4,2,15.152,0.0,15.152,0.7998,0.7998,0.0,0.0,0.0,2.035739,0.345836,1,14.3522,1.037508,0.0,4003.018231
W1_P4,3,13.312,0.0,13.312,0.99,0.99,0.0,0.0,0.0,2.031667,0.296916,1,12.322,0.890747,0.0,3482.26906
W1_P4,4,15.072,0.0,15.072,1.1802,1.1802,0.0,0.0,0.0,2.027604,0.334742,1,13.8918,1.004227,0.0,3935.51507
W1_P4,5,18.724,0.0,18.724,1.6302,1.6302,0.0,0.0,0.0,2.023549,0.411899,1,17.0938,1.235696,0.0,4869.329672
W1_P4,6,9.628,0.0,9.628,2.5002,2.5002,0.0,0.0,0.0,2.019502,0.171754,1,7.1278,0.515263,0.0,2303.486347
W1_P4,7,22.804,0.0,22.804,3.3702,3.3702,0.0,0.0,0.0,2.015463,0.468284,1,19.4338,1.404853,0.0,5763.42654
W1_P4,8,17.852,0.0,17.852,4.0098,4.0098,0.0,0.0,0.0,2.011432,0.333547,1,13.8422,1.000641,0.0,4346.535581
W1_P4,9,14.328,0.0,14.328,4.2,4.2,0.0,0.0,0.0,2.007409,0.244048,1,10.128,0.732145,0.0,3370.173108
W1_P4,10,11.904,0.0,11.904,4.1202,4.1202,0.0,0.0,0.0,2.003394,0.187561,1,7.7838,0.562684,0.0,2723.969913
W1_P4,11,7.736,1.28,9.016,3.9,3.9,0.0,0.0,0.0,1.999387,0.123277,1,5.116,0.369831,0.0,1930.755373
W1_P4,12,8.556,5.12,13.676,3.2598,3.2598,0.0,0.0,0.0,1.995389,0.250993,1,10.4162,0.752978,0.0,3153.516834
W1_P4,13,14.52,7.68,22.2,2.6898,2.6898,0.0,0.0,0.0,1.991398,0.470125,1,19.5102,1.410376,0.0,5451.636882
W1_P4,14,6.708,5.12,11.828,3.63,3.63,0.0,0.0,0.0,1.987415,0.197542,1,8.198,0.592627,0.0,2608.90347
W1_P4,15,11.176,1.28,12.456,3.8202,3.8202,0.0,0.0,0.0,1.98344,0.208092,1,8.6358,0.624275,0.0,2871.082106
W1_P4,16,10.108,0.0,10.108,3.75,3.75,0.0,0.0,0.0,1.979473,0.153205,1,6.358,0.459614,0.0,2282.683711
W1_P4,17,6.384,0.0,6.384,3.1398,3.1398,0.0,0.0,0.9058,1.975514,0.1,1,4.15,0.3,0.0,1466.958
W1_P4,18,6.428,0.0,6.428,2.61,2.61,0.0,0.0,0.332,0.965119,0.1,1,4.15,0.3,0.0,1467.82
W1_P4,19,5.736,0.0,5.736,2.1198,2.1198,0.0,0.0,0.5338,0.5943,0.1,1,4.15,0.3,0.0,1366.038
W1_P4,20,3.752,0.0,3.752,1.86,1.86,0.0,1.892,0.0,0.0,0.0,0,0.0,0.0,0.0,562.8
W1_P4,21,3.692,0.0,3.692,1.6302,1.6302,0.0,2.0618,0.0,1.7028,0.0,0,0.0,0.0,0.0,553.8
W1_P4,22,4.88,0.0,4.88,1.56,1.56,0.0,0.0,2.327942,3.555014,0.136095,1,5.647942,0.408285,0.0,1436.162591
W1_P4,23,3.192,0.0,3.192,1.4802,1.4802,0.0,1.7118,0.0,0.961303,0.0,0,0.0,0.0,0.0,478.8
W2_P1,0,5.312,0.0,5.312,1.3698,1.3698,0.0,0.0,2.2455,2.5,0.149101,1,6.1877,0.447304,0.0,1565.208328
W2_P1,1,8.5,0.0,8.5,1.0998,1.0998,0.0,0.0,0.0,0.0,0.178318,1,7.4002,0.534954,0.0,2167.125316
W2_P1,2,9.38,0.0,9.38,0.7998,0.7998,0.0,0.0,-0.0,0.0,0.206752,1,8.5802,0.620255,0.0,2441.379292
W2_P1,3,10.304,0.0,10.304,0.99,0.99,0.0,0.0,-0.0,0.0,0.224434,1,9.314,0.673301,0.0,2668.441976
W2_P1,4,9.9,0.0,9.9,1.1802,1.1802,0.0,0.0,-0.0,0.0,0.210116,1,8.7198,0.630347,0.0,2536.20866
W2_P1,5,9.62,0.0,9.62,1.6302,1.6302,0.0,0.0,-0.0,0.0,0.192525,1,7.9898,0.577576,0.0,2406.204082
W2_P1,6,9.14,14.08,23.22,2.5002,2.5002,0.0,0.0,0.0,0.0,0.499272,1,20.7198,1.497817,0.0,5558.459263
W2_P1,7,7.64,25.6,33.24,3.3702,3.3702,0.0,0.0,0.0,0.0,0.719754,1,29.8698,2.159263,0.0,7818.930347
W2_P1,8,4.748,37.12,41.868,4.0098,4.0098,0.0,0.0,0.0,0.0,0.912246,1,37.8582,2.736737,0.0,9730.565653
W2_P1,9,4.86,46.08,50.94,4.2,4.2,0.0,5.0,0.0,0.0,1.0,1,41.5,3.0,0.24,11261.6
W2_P1,10,5.336,52.48,57.816,4.1202,4.1202,0.0,-0.0,3.590998,4.5,1.0,1,41.5,3.0,15.786798,12136.909982
W2_P1,11,4.292,55.04,59.332,3.9,3.9,0.0,5.0,0.0,0.501002,1.0,1,41.5,3.0,8.932,12251.6
W2_P1,12,4.168,56.32,60.488,3.2598,3.2598,0.0,0.0,4.040098,5.0,1.0,1,41.5,3.0,19.768298,12427.000982
W2_P1,13,6.788,56.32,63.108,2.6898,2.6898,0.0,5.0,0.0,0.501002,1.0,1,41.5,3.0,13.9182,12779.6
W2_P1,14,8.364,52.48,60.844,3.63,3.63,0.0,-0.0,4.040098,5.0,1.0,1,41.5,3.0,19.754098,12595.600982
W2_P1,15,8.404,44.8,53.204,3.8202,3.8202,0.0,5.0,-0.0,0.501002,1.0,1,41.5,3.0,2.8838,11639.6
W2_P1,16,5.896,33.28,39.176,3.75,3.75,0.0,0.0,2.739027,5.0,0.919639,1,38.165027,2.758918,0.0,9506.345184
W2_P1,17,6.608,24.32,30.928,3.1398,3.1398,0.0,0.0,0.0,1.946637,0.669595,1,27.7882,2.008786,0.0,7259.584689
W2_P1,18,6.252,11.52,17.772,2.61,2.61,0.0,0.0,0.0,1.942744,0.365349,1,15.162,1.096048,0.0,4148.043036
W2_P1,19,4.312,0.0,4.312,2.1198,2.1198,0.0,2.1922,-0.0,1.938858,0.0,0,0.0,0.0,0.0,646.8
W2_P1,20,2.328,0.0,2.328,1.86,1.86,0.0,0.468,0.0,3.90796,0.0,0,0.0,0.0,0.0,349.2
W2_P1,21,1.492,0.0,1.492,1.6302,1.6302,0.0,0.0,0.1382,4.321345,0.0,0,0.0,0.0,0.0,225.182
W2_P1,22,2.124,0.0,2.124,1.56,1.56,0.0,0.564,0.0,4.159146,0.0,0,0.0,0.0,0.0,318.6
W2_P1,23,3.696,0.0,3.696,1.4802,1.4802,0.0,-0.0,1.9342,4.658428,0.1,1,4.15,0.3,0.0,1074.042
W2_P2,0,5.312,0.0,5.312,1.3698,1.3698,0.0,0.0,0.436499,2.5,0.105511,1,4.378699,0.316532,0.0,1329.035622
W2_P2,1,8.5,0.0,8.5,1.0998,1.0998,0.0,0.0,0.0,2.010001,0.178318,1,7.4002,0.534954,0.0,2167.125316
W2_P2,2,9.38,0.0,9.38,0.7998,0.7998,0.0,0.0,0.0,2.005981,0.206752,1,8.5802,0.620255,0.0,2441.379292
W2_P2,3,10.304,0.0,10.304,0.99,0.99,0.0,0.0,0.0,2.001969,0.224434,1,9.314,0.673301,0.0,2668.441976
W2_P2,4,9.9,0.0,9.9,1.1802,1.1802,0.0,0.0,0.0,1.997965,0.210116,1,8.7198,0.630347,0.0,2536.20866
W2_P2,5,9.62,0.0,9.62,1.6302,1.6302,0.0,0.0,0.0,1.993969,0.192525,1,7.9898,0.577576,0.0,2406.204082
W2_P2,6,9.14,0.0,9.14,2.5002,2.5002,0.0,0.0,0.0,1.989981,0.159995,1,6.6398,0.479986,0.0,2171.455889
W2_P2,7,7.64,3.2,10.84,3.3702,3.3702,0.0,0.0,0.0,1.986001,0.179995,1,7.4698,0.539986,0.0,2430.515889
W2_P2,8,4.748,10.88,15.628,4.0098,4.0098,0.0,0.0,0.0,1.982029,0.279957,1,11.6182,0.83987,0.0,3418.423002
W2_P2,9,4.86,17.92,22.78,4.2,4.2,0.0,0.0,0.0,1.978065,0.447711,1,18.58,1.343133,0.0,5119.297349
W2_P2,10,5.336,24.96,30.296,4.1202,4.1202,0.0,0.0,0.0,1.974109,0.630742,1,26.1758,1.892227,0.0,6951.20307
W2_P2,11,4.292,31.36,35.652,3.9,3.9,0.0,0.0,0.0,1.970161,0.765108,1,31.752,2.295325,0.0,8234.837494
W2_P2,12,4.168,35.84,40.008,3.2598,3.2598,0.0,0.0,0.0,1.966221,0.885499,1,36.7482,2.656496,0.0,9356.150472
W2_P2,13,6.788,37.12,43.908,2.6898,2.6898,0.0,0.0,0.0,1.962288,0.99321,1,41.2182,2.979629,0.0,10441.627822
W2_P2,14,8.364,32.0,40.364,3.63,3.63,0.0,0.0,0.0,1.958364,0.885157,1,36.734,2.65547,0.0,9523.038602
W2_P2,15,8.404,25.6,34.004,3.8202,3.8202,0.0,0.0,0.0,1.954447,0.72732,1,30.1838,2.181961,0.0,7971.384371
W2_P2,16,5.896,19.2,25.096,3.75,3.75,0.0,0.0,0.0,1.950538,0.514361,1,21.346,1.543084,0.0,5761.750313
W2_P2,17,6.608,9.6,16.208,3.1398,3.1398,0.0,0.0,0.0,1.946637,0.314896,1,13.0682,0.944689,0.0,3718.626617
W2_P2,18,6.252,3.2,9.452,2.61,2.61,0.0,0.0,0.0,1.942744,0.164867,1,6.842,0.494602,0.0,2146.631952
W2_P2,19,4.312,0.0,4.312,2.1198,2.1198,0.0,2.1922,0.0,1.938858,0.0,0,0.0,0.0,0.0,646.8
W2_P2,20,2.328,0.0,2.328,1.86,1.86,0.0,0.468,0.0,3.90796,0.0,0,0.0,0.0,0.0,349.2
W2_P2,21,1.492,0.0,1.492,1.6302,1.6302,0.0,0.0,0.1382,4.321345,0.0,0,0.0,0.0,0.0,225.182
W2_P2,22,2.124,0.0,2.124,1.56,1.56,0.0,0.564,0.0,4.159146,0.0,0,0.0,0.0,0.0,318.6
W2_P2,23,3.696,0.0,3.696,1.4802,1.4802,0.0,0.0,1.9342,4.658428,0.1,1,4.15,0.3,0.0,1074.042
W2_P3,0,5.312,0.0,5.312,1.3698,1.3698,0.0,0.0,0.22128,2.5,0.100325,1,4.16348,0.300974,0.0,1300.937808
W2_P3,1,8.5,0.0,8.5,1.0998,1.0998,0.0,0.0,0.0,2.249134,0.178318,1,7.4002,0.534954,0.0,2167.125316
W2_P3,2,9.38,0.0,9.38,0.7998,0.7998,0.0,0.0,0.0,2.244636,0.206752,1,8.5802,0.620255,0.0,2441.379292
W2_P3,3,10.304,0.0,10.304,0.99,0.99,0.0,0.0,0.0,2.240146,0.224434,1,9.314,0.673301,0.0,2668.441976
W2_P3,4,9.9,0.0,9.9,1.1802,1.1802,0.0,0.0,0.0,2.235666,0.210116,1,8.7198,0.630347,0.0,2536.20866
W2_P3,5,9.62,0.0,9.62,1.6302,1.6302,0.0,0.0,0.0,2.231195,0.192525,1,7.9898,0.577576,0.0,2406.204082
W2_P3,6,9.14,0.0,9.14,2.5002,2.5002,0.0,0.0,0.0,2.226732,0.159995,1,6.6398,0.479986,0.0,2171.455889
W2_P3,7,7.64,1.28,8.92,3.3702,3.3702,0.0,0.0,0.0,2.222279,0.13373,1,5.5498,0.40119,0.0,1968.651793
W2_P3,8,4.748,3.2,7.948,4.0098,4.0098,0.0,0.0,0.2118,2.217834,0.1,1,4.15,0.3,0.0,1598.618
W2_P3,9,4.86,5.12,9.98,4.2,4.2,0.0,0.0,0.0,1.978065,0.139277,1,5.78,0.417831,0.0,2040.203373
W2_P3,10,5.336,7.68,13.016,4.1202,4.1202,0.0,0.0,0.0,1.974109,0.214357,1,8.8958,0.64307,0.0,2794.426202
W2_P3,11,4.292,11.52,15.812,3.9,3.9,0.0,0.0,0.0,1.970161,0.287036,1,11.912,0.861108,0.0,3462.241831
W2_P3,12,4.168,14.08,18.248,3.2598,3.2598,0.0,0.0,0.0,1.966221,0.361161,1,14.9882,1.083484,0.0,4121.690713
W2_P3,13,6.788,14.08,20.868,2.6898,2.6898,0.0,0.0,0.0,1.962288,0.438029,1,18.1782,1.314087,0.0,4899.258665
W2_P3,14,8.364,11.52,19.884,3.63,3.63,0.0,0.0,0.0,1.958364,0.391663,1,16.254,1.174988,0.0,4596.488241
W2_P3,15,8.404,7.04,15.444,3.8202,3.8202,0.0,0.0,0.0,1.954447,0.280092,1,11.6238,0.840275,0.0,3506.698106
W2_P3,16,5.896,5.12,11.016,3.75,3.75,0.0,0.0,0.0,1.950538,0.175084,1,7.266,0.525253,0.0,2374.74694
W2_P3,17,6.608,3.2,9.808,3.1398,3.1398,0.0,0.0,0.0,1.946637,0.16068,1,6.6682,0.482039,0.0,2179.079629
W2_P3,18,6.252,1.28,7.532,2.61,2.61,0.0,-0.0,0.0,1.942744,0.118602,1,4.922,0.355807,0.0,1684.767855
W2_P3,19,4.312,0.0,4.312,2.1198,2.1198,0.0,2.1922,-0.0,1.938858,0.0,0,0.0,0.0,0.0,646.8
W2_P3,20,2.328,0.0,2.328,1.86,1.86,0.0,0.468,0.0,3.90796,0.0,0,0.0,0.0,0.0,349.2
W2_P3,21,1.492,0.0,1.492,1.6302,1.6302,0.0,0.0,0.1382,4.321345,0.0,0,0.0,0.0,0.0,225.182
W2_P3,22,2.124,0.0,2.124,1.56,1.56,0.0,0.564,0.0,4.159146,0.0,0,0.0,0.0,-0.0,318.6
W2_P3,23,3.696,0.0,3.696,1.4802,1.4802,0.0,-0.0,1.9342,4.658428,0.1,1,4.15,0.3,-0.0,1074.042
W2_P4,0,5.312,0.0,5.312,1.3698,1.3698,0.0,0.0,0.622748,2.5,0.109999,1,4.564948,0.329996,0.0,1353.351265
W2_P4,1,8.5,0.0,8.5,1.0998,1.0998,0.0,0.0,0.0,1.803057,0.178318,1,7.4002,0.534954,0.0,2167.125316
W2_P4,2,9.38,0.0,9.38,0.7998,0.7998,0.0,0.0,0.0,1.799451,0.206752,1,8.5802,0.620255,0.0,2441.379292
W2_P4,3,10.304,0.0,10.304,0.99,0.99,0.0,0.0,0.0,1.795852,0.224434,1,9.314,0.673301,0.0,2668.441976
W2_P4,4,9.9,0.0,9.9,1.1802,1.1802,0.0,0.0,0.0,1.792261,0.210116,1,8.7198,0.630347,0.0,2536.20866
W2_P4,5,9.62,0.0,9.62,1.6302,1.6302,0.0,0.0,0.0,1.788676,0.192525,1,7.9898,0.577576,0.0,2406.204082
W2_P4,6,9.14,0.0,9.14,2.5002,2.5002,0.0,0.0,0.0,1.785099,0.159995,1,6.6398,0.479986,0.0,2171.455889
W2_P4,7,7.64,0.0,7.64,3.3702,3.3702,0.0,0.0,0.0,1.781529,0.102887,1,4.2698,0.30866,0.0,1660.742395
W2_P4,8,4.748,0.0,4.748,4.0098,4.0098,0.0,0.7382,0.0,1.777965,0.0,0,0.0,0.0,0.0,712.2
W2_P4,9,4.86,0.0,4.86,4.2,4.2,0.0,0.66,0.0,2.43879,0.0,0,0.0,0.0,0.0,729.0
W2_P4,10,5.336,0.0,5.336,4.1202,4.1202,0.0,1.2158,0.0,3.027912,0.0,0,0.0,0.0,0.0,800.4
W2_P4,11,4.292,1.28,5.572,3.9,3.9,0.0,0.0,2.478,4.116076,0.1,1,4.15,0.3,0.0,1322.48
W2_P4,12,4.168,5.12,9.288,3.2598,3.2598,0.0,0.0,0.0,1.354511,0.145258,1,6.0282,0.435773,0.0,1966.32493
W2_P4,13,6.788,7.68,14.468,2.6898,2.6898,0.0,0.0,0.0,1.351802,0.283812,1,11.7782,0.851436,0.0,3359.711677
W2_P4,14,8.364,5.12,13.484,3.63,3.63,0.0,0.0,0.0,1.349098,0.237446,1,9.854,0.712337,0.0,3056.941253
W2_P4,15,8.404,1.28,9.684,3.8202,3.8202,0.0,0.0,0.0,1.3464,0.141296,1,5.8638,0.423889,0.0,2121.105817
W2_P4,16,5.896,0.0,5.896,3.75,3.75,0.0,2.146,0.0,1.343707,0.0,0,0.0,0.0,0.0,884.4
W2_P4,17,6.608,0.0,6.608,3.1398,3.1398,0.0,0.0,0.6818,3.27242,0.1,1,4.15,0.3,0.0,1498.318
W2_P4,18,6.252,0.0,6.252,2.61,2.61,0.0,0.0,0.508,2.508319,0.1,1,4.15,0.3,0.0,1443.18
W2_P4,19,4.312,0.0,4.312,2.1198,2.1198,0.0,2.1922,0.0,1.938858,0.0,0,0.0,0.0,0.0,646.8
W2_P4,20,2.328,0.0,2.328,1.86,1.86,0.0,0.468,0.0,3.90796,0.0,0,0.0,0.0,0.0,349.2
W2_P4,21,1.492,0.0,1.492,1.6302,1.6302,0.0,0.0,0.1382,4.321345,0.0,0,0.0,0.0,0.0,225.182
W2_P4,22,2.124,0.0,2.124,1.56,1.56,0.0,0.564,0.0,4.159146,0.0,0,0.0,0.0,0.0,318.6
W2_P4,23,3.696,0.0,3.696,1.4802,1.4802,0.0,0.0,1.9342,4.658428,0.1,1,4.15,0.3,0.0,1074.042
W3_P1,0,11.904,0.0,11.904,1.3698,1.3698,0.0,0.0,2.2455,2.5,0.307945,1,12.7797,0.923834,0.0,3348.701725
W3_P1,1,13.384,0.0,13.384,1.0998,1.0998,0.0,0.0,-0.0,-0.0,0.296005,1,12.2842,0.888014,0.0,3488.512111
W3_P1,2,14.268,0.0,14.268,0.7998,0.7998,0.0,0.0,-0.0,0.0,0.324535,1,13.4682,0.973605,0.0,3763.848304
W3_P1,3,15.72,0.0,15.72,0.99,0.99,0.0,0.0,-0.0,0.0,0.35494,1,14.73,1.064819,0.0,4133.763614
W3_P1,4,15.088,0.0,15.088,1.1802,1.1802,0.0,0.0,-0.0,0.0,0.335128,1,13.9078,1.005383,0.0,3939.843937
W3_P1,5,13.476,0.0,13.476,1.6302,1.6302,0.0,0.0,-0.0,0.0,0.285441,1,11.8458,0.856323,0.0,3449.461142
W3_P1,6,13.832,14.08,27.912,2.5002,2.5002,0.0,0.0,-0.0,0.0,0.612333,1,25.4118,1.836998,0.0,6827.899648
W3_P1,7,12.76,25.6,38.36,3.3702,3.3702,0.0,0.0,-0.0,0.0,0.843128,1,34.9898,2.529383,0.0,9204.167937
W3_P1,8,10.712,37.12,47.832,4.0098,4.0098,0.0,2.3222,-0.0,0.0,1.0,1,41.5,3.0,-0.0,11064.2
W3_P1,9,11.916,46.08,57.996,4.2,4.2,0.0,3.238,-0.0,2.08998,1.0,1,41.5,3.0,9.058,12320.0
W3_P1,10,8.804,52.48,61.284,4.1202,4.1202,0.0,-0.0,4.040098,5.0,1.0,1,41.5,3.0,19.703898,12661.600982
W3_P1,11,9.3,55.04,64.34,3.9,3.9,0.0,5.0,-0.0,0.501002,1.0,1,41.5,3.0,13.94,13002.8
W3_P1,12,9.012,56.32,65.332,3.2598,3.2598,0.0,-0.0,4.040098,5.0,1.0,1,41.5,3.0,24.612298,13153.600982
W3_P1,13,10.704,56.32,67.024,2.6898,2.6898,0.0,5.0,0.0,0.501002,1.0,1,41.5,3.0,17.8342,13367.0
W3_P1,14,10.604,52.48,63.084,3.63,3.63,0.0,-0.0,4.491,5.0,1.0,1,41.5,3.0,22.445,12936.11
W3_P1,15,14.552,44.8,59.352,3.8202,3.8202,0.0,5.0,0.0,0.0,1.0,1,41.5,3.0,9.0318,12561.8
W3_P1,16,13.724,33.28,47.004,3.75,3.75,0.0,0.565556,0.0,4.5,1.0,1,41.5,3.0,1.188444,11055.2
W3_P1,17,12.348,24.32,36.668,3.1398,3.1398,0.0,0.0,2.21381,5.0,0.861253,1,35.74201,2.58376,0.0,9101.588123
W3_P1,18,12.152,11.52,23.672,2.61,2.61,0.0,0.0,0.0,2.530211,0.507518,1,21.062,1.522554,0.0,5744.312916
W3_P1,19,9.236,0.0,9.236,2.1198,2.1198,0.0,0.0,0.0,2.525151,0.171475,1,7.1162,0.514424,0.0,2243.287918
W3_P1,20,7.228,0.0,7.228,1.86,1.86,0.0,0.0,0.0,2.5201,0.129349,1,5.368,0.388048,0.0,1731.335036
W3_P1,21,6.252,0.0,6.252,1.6302,1.6302,0.0,0.0,0.0,2.51506,0.111369,1,4.6218,0.334106,0.0,1494.97748
W3_P1,22,6.452,0.0,6.452,1.56,1.56,0.0,0.0,0.0,2.51003,0.11788,1,4.892,0.353639,0.0,1557.551229
W3_P1,23,7.972,0.0,7.972,1.4802,1.4802,0.0,0.0,0.0,2.50501,0.156429,1,6.4918,0.469287,0.0,1978.413865
W3_P2,0,11.904,0.0,11.904,1.3698,1.3698,0.0,0.0,2.2455,2.5,0.307945,1,12.7797,0.923834,0.0,3348.701725
W3_P2,1,13.384,0.0,13.384,1.0998,1.0998,0.0,0.0,-0.0,-0.0,0.296005,1,12.2842,0.888014,0.0,3488.512111
W3_P2,2,14.268,0.0,14.268,0.7998,0.7998,0.0,0.0,-0.0,0.0,0.324535,1,13.4682,0.973605,0.0,3763.848304
W3_P2,3,15.72,0.0,15.72,0.99,0.99,0.0,0.0,-0.0,0.0,0.35494,1,14.73,1.064819,0.0,4133.763614
W3_P2,4,15.088,0.0,15.088,1.1802,1.1802,0.0,0.0,-0.0,0.0,0.335128,1,13.9078,1.005383,0.0,3939.843937
W3_P2,5,13.476,0.0,13.476,1.6302,1.6302,0.0,0.0,-0.0,0.0,0.285441,1,11.8458,0.856323,0.0,3449.461142
W3_P2,6,13.832,0.0,13.832,2.5002,2.5002,0.0,0.0,-0.0,0.0,0.273055,1,11.3318,0.819166,0.0,3440.896275
W3_P2,7,12.76,3.2,15.96,3.3702,3.3702,0.0,0.0,-0.0,0.0,0.303369,1,12.5898,0.910106,0.0,3815.75348
W3_P2,8,10.712,10.88,21.592,4.0098,4.0098,0.0,0.0,-0.0,0.0,0.423667,1,17.5822,1.271002,0.0,5032.008352
W3_P2,9,11.916,17.92,29.836,4.2,4.2,0.0,0.0,-0.0,0.0,0.617735,1,25.636,1.853205,0.0,7028.327904
W3_P2,10,8.804,24.96,33.764,4.1202,4.1202,0.0,0.0,-0.0,0.0,0.714308,1,29.6438,2.142925,0.0,7889.485094
W3_P2,11,9.3,31.36,40.66,3.9,3.9,0.0,0.0,-0.0,0.0,0.885783,1,36.76,2.657349,0.0,9589.773012
W3_P2,12,9.012,35.84,44.852,3.2598,3.2598,0.0,0.0922,0.0,0.0,1.0,1,41.5,3.0,0.0,10655.6
W3_P2,13,10.704,37.12,47.824,2.6898,2.6898,0.0,3.6342,0.0,0.08298,1.0,1,41.5,3.0,0.0,11063.0
W3_P2,14,10.604,32.0,42.604,3.63,3.63,0.0,0.0,0.72129,3.353594,0.956513,1,39.69529,2.869539,0.0,10223.247523
W3_P2,15,14.552,25.6,40.152,3.8202,3.8202,0.0,0.0,0.0,2.545453,0.875465,1,36.3318,2.626395,0.0,9634.751696
W3_P2,16,13.724,19.2,32.924,3.75,3.75,0.0,0.0,0.0,2.540362,0.702988,1,29.174,2.108964,0.0,7879.648723
W3_P2,17,12.348,9.6,21.948,3.1398,3.1398,0.0,0.0,0.0,2.535282,0.45321,1,18.8082,1.359629,0.0,5271.607822
W3_P2,18,12.152,3.2,15.352,2.61,2.61,0.0,0.0,0.0,2.530211,0.307036,1,12.742,0.921108,0.0,3742.901831
W3_P2,19,9.236,0.0,9.236,2.1198,2.1198,0.0,0.0,0.0,2.525151,0.171475,1,7.1162,0.514424,0.0,2243.287918
W3_P2,20,7.228,0.0,7.228,1.86,1.86,0.0,0.0,0.0,2.5201,0.129349,1,5.368,0.388048,0.0,1731.335036
W3_P2,21,6.252,0.0,6.252,1.6302,1.6302,0.0,0.0,0.0,2.51506,0.111369,1,4.6218,0.334106,0.0,1494.97748
W3_P2,22,6.452,0.0,6.452,1.56,1.56,0.0,0.0,0.0,2.51003,0.11788,1,4.892,0.353639,0.0,1557.551229
W3_P2,23,7.972,0.0,7.972,1.4802,1.4802,0.0,0.0,0.0,2.50501,0.156429,1,6.4918,0.469287,0.0,1978.413865
W3_P3,0,11.904,0.0,11.904,1.3698,1.3698,0.0,0.0,-0.0,2.5,0.253836,1,10.5342,0.761508,0.0,3055.542231
W3_P3,1,13.384,0.0,13.384,1.0998,1.0998,0.0,0.0,0.0,2.495,0.296005,1,12.2842,0.888014,0.0,3488.512111
W3_P3,2,14.268,0.0,14.268,0.7998,0.7998,0.0,0.0,0.0,2.49001,0.324535,1,13.4682,0.973605,0.0,3763.848304
W3_P3,3,15.72,0.0,15.72,0.99,0.99,0.0,0.0,0.0,2.48503,0.35494,1,14.73,1.064819,0.0,4133.763614
W3_P3,4,15.088,0.0,15.088,1.1802,1.1802,0.0,0.0,0.0,2.48006,0.335128,1,13.9078,1.005383,0.0,3939.843937
W3_P3,5,13.476,0.0,13.476,1.6302,1.6302,0.0,0.0,0.0,2.4751,0.285441,1,11.8458,0.856323,0.0,3449.461142
W3_P3,6,13.832,0.0,13.832,2.5002,2.5002,0.0,0.0,0.0,2.47015,0.273055,1,11.3318,0.819166,0.0,3440.896275
W3_P3,7,12.76,1.28,14.04,3.3702,3.3702,0.0,0.0,0.0,2.465209,0.257104,1,10.6698,0.771311,0.0,3353.889383
W3_P3,8,10.712,3.2,13.912,4.0098,4.0098,0.0,0.0,0.0,2.460279,0.238607,1,9.9022,0.715822,0.0,3184.551966
W3_P3,9,11.916,5.12,17.036,4.2,4.2,0.0,0.0,0.0,2.455358,0.309301,1,12.836,0.927904,0.0,3949.233928
W3_P3,10,8.804,7.68,16.484,4.1202,4.1202,0.0,0.0,0.0,2.450448,0.297923,1,12.3638,0.893769,0.0,3732.708227
W3_P3,11,9.3,11.52,20.82,3.9,3.9,0.0,0.0,0.0,2.445547,0.407711,1,16.92,1.223133,0.0,4817.177349
W3_P3,12,9.012,14.08,23.092,3.2598,3.2598,0.0,0.0,0.0,2.440656,0.477884,1,19.8322,1.433653,0.0,5432.25534
W3_P3,13,10.704,14.08,24.784,2.6898,2.6898,0.0,0.0,0.0,2.435774,0.53239,1,22.0942,1.597171,0.0,5958.748978
W3_P3,14,10.604,11.52,22.124,3.63,3.63,0.0,0.0,0.0,2.430903,0.445639,1,18.494,1.336916,0.0,5202.529687
W3_P3,15,14.552,7.04,21.592,3.8202,3.8202,0.0,0.0,0.0,2.426041,0.428236,1,17.7718,1.284708,0.0,5170.065431
W3_P3,16,13.724,5.12,18.844,3.75,3.75,0.0,0.0,0.0,2.421189,0.363711,1,15.094,1.091133,0.0,4492.645349
W3_P3,17,12.348,3.2,15.548,3.1398,3.1398,0.0,0.0,0.0,2.416346,0.298993,1,12.4082,0.896978,0.0,3732.060834
W3_P3,18,12.152,1.28,13.432,2.61,2.61,0.0,0.0,0.0,2.411514,0.260771,1,10.822,0.782313,0.0,3281.037735
W3_P3,19,9.236,0.0,9.236,2.1198,2.1198,0.0,0.0,0.0,2.406691,0.171475,1,7.1162,0.514424,0.0,2243.287918
W3_P3,20,7.228,0.0,7.228,1.86,1.86,0.0,0.0,0.0,2.401877,0.129349,1,5.368,0.388048,0.0,1731.335036
W3_P3,21,6.252,0.0,6.252,1.6302,1.6302,0.0,0.0,0.0,2.397074,0.111369,1,4.6218,0.334106,0.0,1494.97748
W3_P3,22,6.452,0.0,6.452,1.56,1.56,0.0,0.0,0.0,2.392279,0.11788,1,4.892,0.353639,0.0,1557.551229
W3_P3,23,7.972,0.0,7.972,1.4802,1.4802,0.0,0.130311,0.0,2.387495,0.153289,1,6.361489,0.459867,0.0,1962.704303
W3_P4,0,11.904,0.0,11.904,1.3698,1.3698,0.0,0.0,-0.0,2.5,0.253836,1,10.5342,0.761508,0.0,3055.542231
W3_P4,1,13.384,0.0,13.384,1.0998,1.0998,0.0,0.0,0.0,2.495,0.296005,1,12.2842,0.888014,0.0,3488.512111
W3_P4,2,14.268,0.0,14.268,0.7998,0.7998,0.0,0.0,0.0,2.49001,0.324535,1,13.4682,0.973605,0.0,3763.848304
W3_P4,3,15.72,0.0,15.72,0.99,0.99,0.0,0.0,0.0,2.48503,0.35494,1,14.73,1.064819,0.0,4133.763614
W3_P4,4,15.088,0.0,15.088,1.1802,1.1802,0.0,0.0,0.0,2.48006,0.335128,1,13.9078,1.005383,0.0,3939.843937
W3_P4,5,13.476,0.0,13.476,1.6302,1.6302,0.0,0.0,0.0,2.4751,0.285441,1,11.8458,0.856323,0.0,3449.461142
W3_P4,6,13.832,0.0,13.832,2.5002,2.5002,0.0,0.0,0.0,2.47015,0.273055,1,11.3318,0.819166,0.0,3440.896275
W3_P4,7,12.76,0.0,12.76,3.3702,3.3702,0.0,0.0,0.0,2.465209,0.22626,1,9.3898,0.678781,0.0,3045.979986
W3_P4,8,10.712,0.0,10.712,4.0098,4.0098,0.0,0.0,0.0,2.460279,0.161499,1,6.7022,0.484496,0.0,2414.778472
W3_P4,9,11.916,0.0,11.916,4.2,4.2,0.0,0.0,0.0,2.455358,0.185928,1,7.716,0.557783,0.0,2717.596337
W3_P4,10,8.804,0.0,8.804,4.1202,4.1202,0.0,0.0,0.0,2.450448,0.112863,1,4.6838,0.338588,0.0,1885.251841
W3_P4,11,9.3,1.28,10.58,3.9,3.9,0.0,0.0,0.0,2.445547,0.160964,1,6.68,0.482892,0.0,2353.902169
W3_P4,12,9.012,5.12,14.132,3.2598,3.2598,0.0,0.0,0.0,2.440656,0.261981,1,10.8722,0.785942,0.0,3276.889557
W3_P4,13,10.704,7.68,18.384,2.6898,2.6898,0.0,0.0,0.0,2.435774,0.378173,1,15.6942,1.13452,0.0,4419.20199
W3_P4,14,10.604,5.12,15.724,3.63,3.63,0.0,0.0,0.0,2.430903,0.291422,1,12.094,0.874265,0.0,3662.982699
W3_P4,15,14.552,1.28,15.832,3.8202,3.8202,0.0,0.0,0.0,2.426041,0.289441,1,12.0118,0.868323,0.0,3784.473142
W3_P4,16,13.724,0.0,13.724,3.75,3.75,0.0,0.0,0.0,2.421189,0.240337,1,9.974,0.721012,0.0,3261.007759
W3_P4,17,12.348,0.0,12.348,3.1398,3.1398,0.0,0.0,0.0,2.416346,0.221884,1,9.2082,0.665653,0.0,2962.28734
W3_P4,18,12.152,0.0,12.152,2.61,2.61,0.0,0.0,0.0,2.411514,0.229928,1,9.542,0.689783,0.0,2973.128337
W3_P4,19,9.236,0.0,9.236,2.1198,2.1198,0.0,0.0,0.0,2.406691,0.171475,1,7.1162,0.514424,0.0,2243.287918
W3_P4,20,7.228,0.0,7.228,1.86,1.86,0.0,0.0,0.0,2.401877,0.129349,1,5.368,0.388048,0.0,1731.335036
W3_P4,21,6.252,0.0,6.252,1.6302,1.6302,0.0,0.0,0.0,2.397074,0.111369,1,4.6218,0.334106,0.0,1494.97748
W3_P4,22,6.452,0.0,6.452,1.56,1.56,0.0,0.0,0.0,2.392279,0.11788,1,4.892,0.353639,0.0,1557.551229
W3_P4,23,7.972,0.0,7.972,1.4802,1.4802,0.0,0.130311,0.0,2.387495,0.153289,1,6.361489,0.459867,0.0,1962.704303
W4_P1,0,13.496,0.0,13.496,1.3698,1.3698,0.0,0.0,2.2455,2.5,0.346306,1,14.3717,1.038918,0.0,3779.424039
W4_P1,1,14.084,0.0,14.084,1.0998,1.0998,0.0,0.0,-0.0,0.0,0.312872,1,12.9842,0.938617,0.0,3677.900063
W4_P1,2,13.092,0.0,13.092,0.7998,0.7998,0.0,0.0,-0.0,0.0,0.296198,1,12.2922,0.888593,0.0,3445.676545
W4_P1,3,20.168,0.0,20.168,0.99,0.99,0.0,0.0,-0.0,0.0,0.46212,1,19.178,1.386361,0.0,5337.188771
W4_P1,4,19.276,0.0,19.276,1.1802,1.1802,0.0,0.0,-0.0,0.0,0.436043,1,18.0958,1.30813,0.0,5072.924998
W4_P1,5,23.08,0.0,23.08,1.6302,1.6302,0.0,0.0,-0.0,0.0,0.516863,1,21.4498,1.550588,0.0,6047.863841
W4_P1,6,28.356,14.08,42.436,2.5002,2.5002,0.0,0.0,-0.0,0.0,0.962308,1,39.9358,2.886925,0.0,10757.429094
W4_P1,7,26.36,25.6,51.96,3.3702,3.3702,0.0,5.0,0.0,0.0,1.0,1,41.5,3.0,2.0898,12029.0
W4_P1,8,25.076,37.12,62.196,4.0098,4.0098,0.0,0.565556,-0.0,4.5,1.0,1,41.5,3.0,16.120644,13218.8
W4_P1,9,22.112,46.08,68.192,4.2,4.2,0.0,-0.0,4.040098,5.0,1.0,1,41.5,3.0,26.532098,13889.800982
W4_P1,10,8.996,52.48,61.476,4.1202,4.1202,0.0,5.0,0.0,0.501002,1.0,1,41.5,3.0,10.8558,12650.0
W4_P1,11,7.652,55.04,62.692,3.9,3.9,0.0,0.0,4.040098,5.0,1.0,1,41.5,3.0,21.332098,12796.000982
W4_P1,12,10.816,56.32,67.136,3.2598,3.2598,0.0,5.0,-0.0,0.501002,1.0,1,41.5,3.0,17.3762,13383.8
W4_P1,13,10.952,56.32,67.272,2.6898,2.6898,0.0,-0.0,4.040098,5.0,1.0,1,41.5,3.0,27.122298,13444.600982
W4_P1,14,15.152,52.48,67.632,3.63,3.63,0.0,5.0,0.0,0.501002,1.0,1,41.5,3.0,17.502,13573.4
W4_P1,15,21.66,44.8,66.46,3.8202,3.8202,0.0,0.0,4.040098,5.0,1.0,1,41.5,3.0,25.179898,13668.400982
W4_P1,16,17.16,33.28,50.44,3.75,3.75,0.0,5.0,0.0,0.501002,1.0,1,41.5,3.0,0.19,11570.6
W4_P1,17,16.612,24.32,40.932,3.1398,3.1398,0.0,0.0,1.645074,5.0,0.950296,1,39.437274,2.850887,0.0,10180.980387
W4_P1,18,15.328,11.52,26.848,2.61,2.61,0.0,0.0,0.0,3.16214,0.584048,1,24.238,1.752145,0.0,6603.593108
W4_P1,19,9.416,0.0,9.416,2.1198,2.1198,0.0,0.0,0.0,3.155816,0.175812,1,7.2962,0.527436,0.0,2291.987677
W4_P1,20,8.808,0.0,8.808,1.86,1.86,0.0,0.0,0.0,3.149504,0.167422,1,6.948,0.502265,0.0,2158.810699
W4_P1,21,5.216,0.0,5.216,1.6302,1.6302,0.0,0.0,0.5642,3.143205,0.1,1,4.15,0.3,0.0,1288.342
W4_P1,22,6.152,0.0,6.152,1.56,1.56,0.0,0.0,0.0,2.51003,0.110651,1,4.592,0.331952,0.0,1476.384964
W4_P1,23,8.464,0.0,8.464,1.4802,1.4802,0.0,0.0,0.0,2.50501,0.168284,1,6.9838,0.504853,0.0,2111.52654
W4_P2,0,13.496,0.0,13.496,1.3698,1.3698,0.0,0.0,2.2455,2.5,0.346306,1,14.3717,1.038918,0.0,3779.424039
W4_P2,1,14.084,0.0,14.084,1.0998,1.0998,0.0,0.0,-0.0,-0.0,0.312872,1,12.9842,0.938617,0.0,3677.900063
W4_P2,2,13.092,0.0,13.092,0.7998,0.7998,0.0,0.0,-0.0,0.0,0.296198,1,12.2922,0.888593,0.0,3445.676545
W4_P2,3,20.168,0.0,20.168,0.99,0.99,0.0,0.0,-0.0,0.0,0.46212,1,19.178,1.386361,0.0,5337.188771
W4_P2,4,19.276,0.0,19.276,1.1802,1.1802,0.0,0.0,-0.0,0.0,0.436043,1,18.0958,1.30813,0.0,5072.924998
W4_P2,5,23.08,0.0,23.08,1.6302,1.6302,0.0,0.0,-0.0,0.0,0.516863,1,21.4498,1.550588,0.0,6047.863841
W4_P2,6,28.356,0.0,28.356,2.5002,2.5002,0.0,0.0,-0.0,0.0,0.623031,1,25.8558,1.869094,0.0,7370.42572
W4_P2,7,26.36,3.2,29.56,3.3702,3.3702,0.0,0.0,-0.0,0.0,0.63108,1,26.1898,1.893239,0.0,7495.290829
W4_P2,8,25.076,10.88,35.956,4.0098,4.0098,0.0,0.0,-0.0,0.0,0.769788,1,31.9462,2.309364,0.0,8918.249123
W4_P2,9,22.112,17.92,40.032,4.2,4.2,0.0,0.0,-0.0,0.0,0.863422,1,35.832,2.590265,0.0,9786.898699
W4_P2,10,8.996,24.96,33.956,4.1202,4.1202,0.0,0.0,-0.0,0.0,0.718935,1,29.8358,2.156805,0.0,7941.431504
W4_P2,11,7.652,31.36,39.012,3.9,3.9,0.0,0.0,-0.0,0.0,0.846072,1,35.112,2.538217,0.0,9143.899663
W4_P2,12,10.816,35.84,46.656,3.2598,3.2598,0.0,1.8962,-0.0,0.0,1.0,1,41.5,3.0,-0.0,10926.2
W4_P2,13,10.952,37.12,48.072,2.6898,2.6898,0.0,3.663148,-0.0,1.70658,1.0,1,41.5,3.0,0.219052,11100.2
W4_P2,14,15.152,32.0,47.152,3.63,3.63,0.0,-0.0,1.556369,5.0,1.0,1,41.5,3.0,3.578369,11131.363687
W4_P2,15,21.66,25.6,47.26,3.8202,3.8202,0.0,1.9398,-0.0,3.260701,1.0,1,41.5,3.0,0.0,11324.0
W4_P2,16,17.16,19.2,36.36,3.75,3.75,0.0,0.0,1.63937,5.0,0.825286,1,34.24937,2.475858,0.0,9023.29974
W4_P2,17,16.612,9.6,26.212,3.1398,3.1398,0.0,0.0,0.0,3.168477,0.555957,1,23.0722,1.66787,0.0,6425.251002
W4_P2,18,15.328,3.2,18.528,2.61,2.61,0.0,0.0,0.0,3.16214,0.383566,1,15.918,1.150699,0.0,4602.182024
W4_P2,19,9.416,0.0,9.416,2.1198,2.1198,0.0,0.0,0.0,3.155816,0.175812,1,7.2962,0.527436,0.0,2291.987677
W4_P2,20,8.808,0.0,8.808,1.86,1.86,0.0,0.0,0.0,3.149504,0.167422,1,6.948,0.502265,0.0,2158.810699
W4_P2,21,5.216,0.0,5.216,1.6302,1.6302,0.0,0.0,0.5642,3.143205,0.1,1,4.15,0.3,0.0,1288.342
W4_P2,22,6.152,0.0,6.152,1.56,1.56,0.0,0.0,0.0,2.51003,0.110651,1,4.592,0.331952,0.0,1476.384964
W4_P2,23,8.464,0.0,8.464,1.4802,1.4802,0.0,0.0,0.0,2.50501,0.168284,1,6.9838,0.504853,0.0,2111.52654
W4_P3,0,13.496,0.0,13.496,1.3698,1.3698,0.0,0.0,0.0,2.5,0.292198,1,12.1262,0.876593,0.0,3486.264545
W4_P3,1,14.084,0.0,14.084,1.0998,1.0998,0.0,0.0,0.0,2.495,0.312872,1,12.9842,0.938617,0.0,3677.900063
W4_P3,2,13.092,0.0,13.092,0.7998,0.7998,0.0,0.0,0.0,2.49001,0.296198,1,12.2922,0.888593,0.0,3445.676545
W4_P3,3,20.168,0.0,20.168,0.99,0.99,0.0,0.0,0.0,2.48503,0.46212,1,19.178,1.386361,0.0,5337.188771
W4_P3,4,19.276,0.0,19.276,1.1802,1.1802,0.0,0.0,0.0,2.48006,0.436043,1,18.0958,1.30813,0.0,5072.924998
W4_P3,5,23.08,0.0,23.08,1.6302,1.6302,0.0,0.0,0.0,2.4751,0.516863,1,21.4498,1.550588,0.0,6047.863841
W4_P3,6,28.356,0.0,28.356,2.5002,2.5002,0.0,0.0,0.0,2.47015,0.623031,1,25.8558,1.869094,0.0,7370.42572
W4_P3,7,26.36,1.28,27.64,3.3702,3.3702,0.0,0.0,0.0,2.465209,0.584814,1,24.2698,1.754443,0.0,7033.426733
W4_P3,8,25.076,3.2,28.276,4.0098,4.0098,0.0,0.0,0.0,2.460279,0.584728,1,24.2662,1.754183,0.0,7070.792737
W4_P3,9,22.112,5.12,27.232,4.2,4.2,0.0,0.0,0.0,2.455358,0.554988,1,23.032,1.664964,0.0,6707.804723
W4_P3,10,8.996,7.68,16.676,4.1202,4.1202,0.0,0.0,0.0,2.450448,0.302549,1,12.5558,0.907648,0.0,3784.654636
W4_P3,11,7.652,11.52,19.172,3.9,3.9,0.0,0.0,0.0,2.445547,0.368,1,15.272,1.104,0.0,4371.304
W4_P3,12,10.816,14.08,24.896,3.2598,3.2598,0.0,0.0,0.0,2.440656,0.521354,1,21.6362,1.564063,0.0,5920.335147
W4_P3,13,10.952,14.08,25.032,2.6898,2.6898,0.0,0.0,0.0,2.435774,0.538366,1,22.3422,1.615099,0.0,6025.846424
W4_P3,14,15.152,11.52,26.672,3.63,3.63,0.0,0.0,0.0,2.430903,0.555229,1,23.042,1.665687,0.0,6433.010265
W4_P3,15,21.66,7.04,28.7,3.8202,3.8202,0.0,0.0,0.0,2.426041,0.599513,1,24.8798,1.79854,0.0,7093.164805
W4_P3,16,17.16,5.12,22.28,3.75,3.75,0.0,0.0,0.0,2.421189,0.446506,1,18.53,1.339518,0.0,5422.269639
W4_P3,17,16.612,3.2,19.812,3.1398,3.1398,0.0,0.0,0.0,2.416346,0.40174,1,16.6722,1.205219,0.0,4885.704014
W4_P3,18,15.328,1.28,16.608,2.61,2.61,0.0,0.0,0.0,2.411514,0.337301,1,13.998,1.011904,0.0,4140.317928
W4_P3,19,9.416,0.0,9.416,2.1198,2.1198,0.0,0.0,0.0,2.406691,0.175812,1,7.2962,0.527436,0.0,2291.987677
W4_P3,20,8.808,0.0,8.808,1.86,1.86,0.0,0.0,0.0,2.401877,0.167422,1,6.948,0.502265,0.0,2158.810699
W4_P3,21,5.216,0.0,5.216,1.6302,1.6302,0.0,-0.0,0.5642,2.397074,0.1,1,4.15,0.3,0.0,1288.342
W4_P3,22,6.152,0.0,6.152,1.56,1.56,0.0,0.0,0.0,1.765391,0.110651,1,4.592,0.331952,0.0,1476.384964
W4_P3,23,8.464,0.0,8.464,1.4802,1.4802,0.0,0.824071,0.0,1.76186,0.148427,1,6.159729,0.445282,0.0,2012.181306
W4_P4,0,13.496,0.0,13.496,1.3698,1.3698,0.0,0.0,0.0,2.5,0.292198,1,12.1262,0.876593,0.0,3486.264545
W4_P4,1,14.084,0.0,14.084,1.0998,1.0998,0.0,0.0,0.0,2.495,0.312872,1,12.9842,0.938617,0.0,3677.900063
W4_P4,2,13.092,0.0,13.092,0.7998,0.7998,0.0,0.0,0.0,2.49001,0.296198,1,12.2922,0.888593,0.0,3445.676545
W4_P4,3,20.168,0.0,20.168,0.99,0.99,0.0,0.0,0.0,2.48503,0.46212,1,19.178,1.386361,0.0,5337.188771
W4_P4,4,19.276,0.0,19.276,1.1802,1.1802,0.0,0.0,0.0,2.48006,0.436043,1,18.0958,1.30813,0.0,5072.924998
W4_P4,5,23.08,0.0,23.08,1.6302,1.6302,0.0,0.0,0.0,2.4751,0.516863,1,21.4498,1.550588,0.0,6047.863841
W4_P4,6,28.356,0.0,28.356,2.5002,2.5002,0.0,0.0,0.0,2.47015,0.623031,1,25.8558,1.869094,0.0,7370.42572
W4_P4,7,26.36,0.0,26.36,3.3702,3.3702,0.0,0.0,0.0,2.465209,0.553971,1,22.9898,1.661913,0.0,6725.517335
W4_P4,8,25.076,0.0,25.076,4.0098,4.0098,0.0,0.0,0.0,2.460279,0.507619,1,21.0662,1.522858,0.0,6301.019243
W4_P4,9,22.112,0.0,22.112,4.2,4.2,0.0,0.0,0.0,2.455358,0.431614,1,17.912,1.294843,0.0,5476.167133
W4_P4,10,8.996,0.0,8.996,4.1202,4.1202,0.0,0.0,0.0,2.450448,0.117489,1,4.8758,0.352467,0.0,1937.198251
W4_P4,11,7.652,1.28,8.932,3.9,3.9,0.0,0.0,0.0,2.445547,0.121253,1,5.032,0.363759,0.0,1908.028819
W4_P4,12,10.816,5.12,15.936,3.2598,3.2598,0.0,0.0,0.0,2.440656,0.305451,1,12.6762,0.916352,0.0,3764.969364
W4_P4,13,10.952,7.68,18.632,2.6898,2.6898,0.0,0.0,0.0,2.435774,0.384149,1,15.9422,1.152448,0.0,4486.299436
W4_P4,14,15.152,5.12,20.272,3.63,3.63,0.0,0.0,0.0,2.430903,0.401012,1,16.642,1.203036,0.0,4893.463277
W4_P4,15,21.66,1.28,22.94,3.8202,3.8202,0.0,0.0,0.0,2.426041,0.460718,1,19.1198,1.382154,0.0,5707.572516
W4_P4,16,17.16,0.0,17.16,3.75,3.75,0.0,0.0,0.0,2.421189,0.323133,1,13.41,0.969398,0.0,4190.632048
W4_P4,17,16.612,0.0,16.612,3.1398,3.1398,0.0,0.0,0.0,2.416346,0.324631,1,13.4722,0.973894,0.0,4115.93052
W4_P4,18,15.328,0.0,15.328,2.61,2.61,0.0,0.0,0.0,2.411514,0.306458,1,12.718,0.919373,0.0,3832.40853
W4_P4,19,9.416,0.0,9.416,2.1198,2.1198,0.0,0.0,0.0,2.406691,0.175812,1,7.2962,0.527436,0.0,2291.987677
W4_P4,20,8.808,0.0,8.808,1.86,1.86,0.0,0.0,0.0,2.401877,0.167422,1,6.948,0.502265,0.0,2158.810699
W4_P4,21,5.216,0.0,5.216,1.6302,1.6302,0.0,-0.0,0.5642,2.397074,0.1,1,4.15,0.3,0.0,1288.342
W4_P4,22,6.152,0.0,6.152,1.56,1.56,0.0,0.0,0.0,1.765391,0.110651,1,4.592,0.331952,0.0,1476.384964
W4_P4,23,8.464,0.0,8.464,1.4802,1.4802,0.0,0.824071,0.0,1.76186,0.148427,1,6.159729,0.445282,0.0,2012.181306
W5_P1,0,9.776,0.0,9.776,1.3698,1.3698,0.0,0.0,2.2455,2.5,0.256667,1,10.6517,0.770002,0.0,2772.962352
W5_P1,1,13.5,0.0,13.5,1.0998,1.0998,0.0,0.0,0.0,0.0,0.2988,1,12.4002,0.8964,0.0,3519.8964
W5_P1,2,15.392,0.0,15.392,0.7998,0.7998,0.0,0.0,0.0,-0.0,0.351619,1,14.5922,1.054858,0.0,4067.951243
W5_P1,3,13.312,0.0,13.312,0.99,0.99,0.0,0.0,0.0,-0.0,0.296916,1,12.322,0.890747,0.0,3482.26906
W5_P1,4,15.144,0.0,15.144,1.1802,1.1802,0.0,0.0,0.0,-0.0,0.336477,1,13.9638,1.009431,0.0,3954.994973
W5_P1,5,14.316,0.0,14.316,1.6302,1.6302,0.0,0.0,0.0,-0.0,0.305682,1,12.6858,0.917046,0.0,3676.726684
W5_P1,6,17.852,14.08,31.932,2.5002,2.5002,0.0,0.0,0.0,-0.0,0.7092,1,29.4318,2.1276,0.0,7915.5276
W5_P1,7,9.628,25.6,35.228,3.3702,3.3702,0.0,0.0,0.0,-0.0,0.767658,1,31.8578,2.302973,0.0,8356.79213
W5_P1,8,22.324,37.12,59.444,4.0098,4.0098,0.0,5.0,0.0,0.0,1.0,1,41.5,3.0,8.9342,12806.0
W5_P1,9,20.928,46.08,67.008,4.2,4.2,0.0,0.0,3.590998,4.5,1.0,1,41.5,3.0,24.898998,13707.709982
W5_P1,10,15.996,52.48,68.476,4.1202,4.1202,0.0,5.0,0.0,0.501002,1.0,1,41.5,3.0,17.8558,13700.0
W5_P1,11,14.328,55.04,69.368,3.9,3.9,0.0,0.0,4.040098,5.0,1.0,1,41.5,3.0,28.008098,13797.400982
W5_P1,12,12.74,56.32,69.06,3.2598,3.2598,0.0,5.0,0.0,0.501002,1.0,1,41.5,3.0,19.3002,13672.4
W5_P1,13,12.812,56.32,69.132,2.6898,2.6898,0.0,0.0,4.040098,5.0,1.0,1,41.5,3.0,28.982298,13723.600982
W5_P1,14,8.256,52.48,60.736,3.63,3.63,0.0,5.0,0.0,0.501002,1.0,1,41.5,3.0,10.606,12539.0
W5_P1,15,8.556,44.8,53.356,3.8202,3.8202,0.0,0.0,2.980118,5.0,1.0,1,41.5,3.0,11.015918,11692.201182
W5_P1,16,15.664,33.28,48.944,3.75,3.75,0.0,3.694,0.0,1.678758,1.0,1,41.5,3.0,0.0,11346.2
W5_P1,17,8.372,24.32,32.692,3.1398,3.1398,0.0,0.0,2.21381,5.0,0.765446,1,31.76601,2.296338,0.0,8025.864557
W5_P1,18,7.872,11.52,19.392,2.61,2.61,0.0,0.0,-0.0,2.530211,0.404386,1,16.782,1.213157,0.0,4586.340867
W5_P1,19,11.176,0.0,11.176,2.1198,2.1198,0.0,0.0,-0.0,2.525151,0.218222,1,9.0562,0.654665,0.0,2768.163099
W5_P1,20,9.884,0.0,9.884,1.86,1.86,0.0,0.0,-0.0,2.5201,0.193349,1,8.024,0.580048,0.0,2449.927036
W5_P1,21,9.02,0.0,9.02,1.6302,1.6302,0.0,0.0,-0.0,2.51506,0.178067,1,7.3898,0.534202,0.0,2243.871552
W5_P1,22,6.204,0.0,6.204,1.56,1.56,0.0,0.0,-0.0,2.51003,0.111904,1,4.644,0.335711,0.0,1490.453783
W5_P1,23,16.928,0.0,16.928,1.4802,1.4802,0.0,0.0,0.0,2.50501,0.372236,1,15.4478,1.116708,0.0,4401.497431
W5_P2,0,9.776,0.0,9.776,1.3698,1.3698,0.0,0.0,2.2455,2.5,0.256667,1,10.6517,0.770002,0.0,2772.962352
W5_P2,1,13.5,0.0,13.5,1.0998,1.0998,0.0,0.0,-0.0,-0.0,0.2988,1,12.4002,0.8964,0.0,3519.8964
W5_P2,2,15.392,0.0,15.392,0.7998,0.7998,0.0,0.0,-0.0,0.0,0.351619,1,14.5922,1.054858,0.0,4067.951243
W5_P2,3,13.312,0.0,13.312,0.99,0.99,0.0,0.0,-0.0,0.0,0.296916,1,12.322,0.890747,0.0,3482.26906
W5_P2,4,15.144,0.0,15.144,1.1802,1.1802,0.0,0.0,-0.0,0.0,0.336477,1,13.9638,1.009431,0.0,3954.994973
W5_P2,5,14.316,0.0,14.316,1.6302,1.6302,0.0,0.0,-0.0,0.0,0.305682,1,12.6858,0.917046,0.0,3676.726684
W5_P2,6,17.852,0.0,17.852,2.5002,2.5002,0.0,0.0,-0.0,0.0,0.369923,1,15.3518,1.109769,0.0,4528.524227
W5_P2,7,9.628,3.2,12.828,3.3702,3.3702,0.0,0.0,-0.0,0.0,0.227899,1,9.4578,0.683696,0.0,2968.377672
W5_P2,8,22.324,10.88,33.204,4.0098,4.0098,0.0,0.0,-0.0,0.0,0.703475,1,29.1942,2.110424,0.0,8173.683918
W5_P2,9,20.928,17.92,38.848,4.2,4.2,0.0,0.0,-0.0,0.0,0.834892,1,34.648,2.504675,0.0,9466.562506
W5_P2,10,15.996,24.96,40.956,4.1202,4.1202,0.0,0.0,-0.0,0.0,0.88761,1,36.8358,2.662829,0.0,9835.311022
W5_P2,11,14.328,31.36,45.688,3.9,3.9,0.0,0.288,-0.0,0.0,1.0,1,41.5,3.0,-0.0,10915.4
W5_P2,12,12.74,35.84,48.58,3.2598,3.2598,0.0,3.8202,-0.0,0.2592,1.0,1,41.5,3.0,0.0,11214.8
W5_P2,13,12.812,37.12,49.932,2.6898,2.6898,0.0,1.456147,0.0,3.696862,1.0,1,41.5,3.0,4.286053,11379.2
W5_P2,14,8.256,32.0,40.256,3.63,3.63,0.0,0.0,2.200092,5.0,0.935568,1,38.826092,2.806705,0.0,9781.050037
W5_P2,15,8.556,25.6,34.156,3.8202,3.8202,0.0,0.0,0.0,2.545453,0.730983,1,30.3358,2.192949,0.0,8012.508612
W5_P2,16,15.664,19.2,34.864,3.75,3.75,0.0,0.0,0.0,2.540362,0.749735,1,31.114,2.249205,0.0,8404.523904
W5_P2,17,8.372,9.6,17.972,3.1398,3.1398,0.0,0.0,0.0,2.535282,0.357402,1,14.8322,1.072207,0.0,4195.884255
W5_P2,18,7.872,3.2,11.072,2.61,2.61,0.0,0.0,0.0,2.530211,0.203904,1,8.462,0.611711,0.0,2584.929783
W5_P2,19,11.176,0.0,11.176,2.1198,2.1198,0.0,0.0,0.0,2.525151,0.218222,1,9.0562,0.654665,0.0,2768.163099
W5_P2,20,9.884,0.0,9.884,1.86,1.86,0.0,0.0,0.0,2.5201,0.193349,1,8.024,0.580048,0.0,2449.927036
W5_P2,21,9.02,0.0,9.02,1.6302,1.6302,0.0,0.0,0.0,2.51506,0.178067,1,7.3898,0.534202,0.0,2243.871552
W5_P2,22,6.204,0.0,6.204,1.56,1.56,0.0,0.0,0.0,2.51003,0.111904,1,4.644,0.335711,0.0,1490.453783
W5_P2,23,16.928,0.0,16.928,1.4802,1.4802,0.0,0.0,0.0,2.50501,0.372236,1,15.4478,1.116708,0.0,4401.497431
W5_P3,0,9.776,0.0,9.776,1.3698,1.3698,0.0,0.0,0.0,2.5,0.202559,1,8.4062,0.607677,0.0,2479.802858
W5_P3,1,13.5,0.0,13.5,1.0998,1.0998,0.0,0.0,0.0,2.495,0.2988,1,12.4002,0.8964,0.0,3519.8964
W5_P3,2,15.392,0.0,15.392,0.7998,0.7998,0.0,0.0,0.0,2.49001,0.351619,1,14.5922,1.054858,0.0,4067.951243
W5_P3,3,13.312,0.0,13.312,0.99,0.99,0.0,0.0,0.0,2.48503,0.296916,1,12.322,0.890747,0.0,3482.26906
W5_P3,4,15.144,0.0,15.144,1.1802,1.1802,0.0,0.0,0.0,2.48006,0.336477,1,13.9638,1.009431,0.0,3954.994973
W5_P3,5,14.316,0.0,14.316,1.6302,1.6302,0.0,0.0,0.0,2.4751,0.305682,1,12.6858,0.917046,0.0,3676.726684
W5_P3,6,17.852,0.0,17.852,2.5002,2.5002,0.0,0.0,0.0,2.47015,0.369923,1,15.3518,1.109769,0.0,4528.524227
W5_P3,7,9.628,1.28,10.908,3.3702,3.3702,0.0,0.0,0.0,2.465209,0.181634,1,7.5378,0.544901,0.0,2506.513576
W5_P3,8,22.324,3.2,25.524,4.0098,4.0098,0.0,0.0,0.0,2.460279,0.518414,1,21.5142,1.555243,0.0,6326.227533
W5_P3,9,20.928,5.12,26.048,4.2,4.2,0.0,0.0,0.0,2.455358,0.526458,1,21.848,1.579373,0.0,6387.46853
W5_P3,10,15.996,7.68,23.676,4.1202,4.1202,0.0,0.0,0.0,2.450448,0.471224,1,19.5558,1.413672,0.0,5678.534154
W5_P3,11,14.328,11.52,25.848,3.9,3.9,0.0,0.0,0.0,2.445547,0.528867,1,21.948,1.586602,0.0,6177.523952
W5_P3,12,12.74,14.08,26.82,3.2598,3.2598,0.0,0.0,0.0,2.440656,0.567716,1,23.5602,1.703147,0.0,6440.88146
W5_P3,13,12.812,14.08,26.892,2.6898,2.6898,0.0,0.0,0.0,2.435774,0.583186,1,24.2022,1.749557,0.0,6529.077267
W5_P3,14,8.256,11.52,19.776,3.63,3.63,0.0,0.0,0.0,2.430903,0.38906,1,16.146,1.167181,0.0,4567.268386
W5_P3,15,8.556,7.04,15.596,3.8202,3.8202,0.0,0.0,0.0,2.426041,0.283754,1,11.7758,0.851263,0.0,3547.822347
W5_P3,16,15.664,5.12,20.784,3.75,3.75,0.0,0.0,0.0,2.421189,0.410458,1,17.034,1.231373,0.0,5017.52053
W5_P3,17,8.372,3.2,11.572,3.1398,3.1398,0.0,0.0,0.0,2.416346,0.203186,1,8.4322,0.609557,0.0,2656.337267
W5_P3,18,7.872,1.28,9.152,2.61,2.61,0.0,0.0,0.0,2.411514,0.157639,1,6.542,0.472916,0.0,2123.065687
W5_P3,19,11.176,0.0,11.176,2.1198,2.1198,0.0,0.0,0.0,2.406691,0.218222,1,9.0562,0.654665,0.0,2768.163099
W5_P3,20,9.884,0.0,9.884,1.86,1.86,0.0,0.0,0.0,2.401877,0.193349,1,8.024,0.580048,0.0,2449.927036
W5_P3,21,9.02,0.0,9.02,1.6302,1.6302,0.0,0.0,0.0,2.397074,0.178067,1,7.3898,0.534202,0.0,2243.871552
W5_P3,22,6.204,0.0,6.204,1.56,1.56,0.0,0.0,0.0,2.392279,0.111904,1,4.644,0.335711,0.0,1490.453783
W5_P3,23,16.928,0.0,16.928,1.4802,1.4802,0.0,0.130311,0.0,2.387495,0.369096,1,15.317489,1.107288,0.0,4385.78787
W5_P4,0,9.776,0.0,9.776,1.3698,1.3698,0.0,0.0,0.0,2.5,0.202559,1,8.4062,0.607677,0.0,2479.802858
W5_P4,1,13.5,0.0,13.5,1.0998,1.0998,0.0,0.0,0.0,2.495,0.2988,1,12.4002,0.8964,0.0,3519.8964
W5_P4,2,15.392,0.0,15.392,0.7998,0.7998,0.0,0.0,0.0,2.49001,0.351619,1,14.5922,1.054858,0.0,4067.951243
W5_P4,3,13.312,0.0,13.312,0.99,0.99,0.0,0.0,0.0,2.48503,0.296916,1,12.322,0.890747,0.0,3482.26906
W5_P4,4,15.144,0.0,15.144,1.1802,1.1802,0.0,0.0,0.0,2.48006,0.336477,1,13.9638,1.009431,0.0,3954.994973
W5_P4,5,14.316,0.0,14.316,1.6302,1.6302,0.0,0.0,0.0,2.4751,0.305682,1,12.6858,0.917046,0.0,3676.726684
W5_P4,6,17.852,0.0,17.852,2.5002,2.5002,0.0,0.0,0.0,2.47015,0.369923,1,15.3518,1.109769,0.0,4528.524227
W5_P4,7,9.628,0.0,9.628,3.3702,3.3702,0.0,0.0,0.0,2.465209,0.15079,1,6.2578,0.452371,0.0,2198.604178
W5_P4,8,22.324,0.0,22.324,4.0098,4.0098,0.0,0.0,0.0,2.460279,0.441306,1,18.3142,1.323918,0.0,5556.454039
W5_P4,9,20.928,0.0,20.928,4.2,4.2,0.0,0.0,0.0,2.455358,0.403084,1,16.728,1.209253,0.0,5155.83094
W5_P4,10,15.996,0.0,15.996,4.1202,4.1202,0.0,0.0,0.0,2.450448,0.286164,1,11.8758,0.858492,0.0,3831.077769
W5_P4,11,14.328,1.28,15.608,3.9,3.9,0.0,0.0,0.0,2.445547,0.28212,1,11.708,0.846361,0.0,3714.248771
W5_P4,12,12.74,5.12,17.86,3.2598,3.2598,0.0,0.0,0.0,2.440656,0.351812,1,14.6002,1.055436,0.0,4285.515677
W5_P4,13,12.812,7.68,20.492,2.6898,2.6898,0.0,0.0,0.0,2.435774,0.428969,1,17.8022,1.286906,0.0,4989.53028
W5_P4,14,8.256,5.12,13.376,3.63,3.63,0.0,0.0,0.0,2.430903,0.234843,1,9.746,0.70453,0.0,3027.721398
W5_P4,15,8.556,1.28,9.836,3.8202,3.8202,0.0,0.0,0.0,2.426041,0.144959,1,6.0158,0.434877,0.0,2162.230058
W5_P4,16,15.664,0.0,15.664,3.75,3.75,0.0,0.0,0.0,2.421189,0.287084,1,11.914,0.861253,0.0,3785.88294
W5_P4,17,8.372,0.0,8.372,3.1398,3.1398,0.0,0.0,0.0,2.416346,0.126077,1,5.2322,0.378231,0.0,1886.563773
W5_P4,18,7.872,0.0,7.872,2.61,2.61,0.0,0.0,0.0,2.411514,0.126795,1,5.262,0.380386,0.0,1815.156289
W5_P4,19,11.176,0.0,11.176,2.1198,2.1198,0.0,0.0,0.0,2.406691,0.218222,1,9.0562,0.654665,0.0,2768.163099
W5_P4,20,9.884,0.0,9.884,1.86,1.86,0.0,0.0,0.0,2.401877,0.193349,1,8.024,0.580048,0.0,2449.927036
W5_P4,21,9.02,0.0,9.02,1.6302,1.6302,0.0,0.0,0.0,2.397074,0.178067,1,7.3898,0.534202,0.0,2243.871552
W5_P4,22,6.204,0.0,6.204,1.56,1.56,0.0,0.0,0.0,2.392279,0.111904,1,4.644,0.335711,0.0,1490.453783
W5_P4,23,16.928,0.0,16.928,1.4802,1.4802,0.0,0.130311,0.0,2.387495,0.369096,1,15.317489,1.107288,0.0,4385.78787
W6_P1,0,9.448,0.0,9.448,1.3698,1.3698,0.0,0.0,2.2455,2.5,0.248764,1,10.3237,0.746292,0.0,2684.220569
W6_P1,1,10.504,0.0,10.504,1.0998,1.0998,0.0,0.0,0.0,0.0,0.226607,1,9.4042,0.679822,0.0,2709.315966
W6_P1,2,11.788,0.0,11.788,0.7998,0.7998,0.0,0.0,0.0,-0.0,0.264776,1,10.9882,0.794328,0.0,3092.873846
W6_P1,3,11.504,0.0,11.504,0.99,0.99,0.0,0.0,0.0,-0.0,0.253349,1,10.514,0.760048,0.0,2993.107036
W6_P1,4,11.16,0.0,11.16,1.1802,1.1802,0.0,0.0,0.0,-0.0,0.240477,1,9.9798,0.721431,0.0,2877.106973
W6_P1,5,10.964,0.0,10.964,1.6302,1.6302,0.0,0.0,0.0,-0.0,0.224911,1,9.3338,0.674733,0.0,2769.828949
W6_P1,6,10.744,14.08,24.824,2.5002,2.5002,0.0,0.0,0.0,-0.0,0.537923,1,22.3238,1.613769,0.0,5992.428227
W6_P1,7,10.34,25.6,35.94,3.3702,3.3702,0.0,0.0,0.0,-0.0,0.784814,1,32.5698,2.354443,0.0,8549.426733
W6_P1,8,9.672,37.12,46.792,4.0098,4.0098,0.0,1.2822,0.0,0.0,1.0,1,41.5,3.0,0.0,10908.2
W6_P1,9,6.948,46.08,53.028,4.2,4.2,0.0,4.27592,0.0,1.15398,1.0,1,41.5,3.0,3.05208,11574.8
W6_P1,10,6.04,52.48,58.52,4.1202,4.1202,0.0,0.0,4.040098,5.0,1.0,1,41.5,3.0,16.939898,12247.000982
W6_P1,11,6.06,55.04,61.1,3.9,3.9,0.0,5.0,0.0,0.501002,1.0,1,41.5,3.0,10.7,12516.8
W6_P1,12,6.528,56.32,62.848,3.2598,3.2598,0.0,0.0,4.040098,5.0,1.0,1,41.5,3.0,22.128298,12781.000982
W6_P1,13,5.768,56.32,62.088,2.6898,2.6898,0.0,5.0,0.0,0.501002,1.0,1,41.5,3.0,12.8982,12626.6
W6_P1,14,5.432,52.48,57.912,3.63,3.63,0.0,0.0,3.916569,5.0,1.0,1,41.5,3.0,16.698569,12154.565691
W6_P1,15,5.368,44.8,50.168,3.8202,3.8202,0.0,4.8478,0.0,0.638257,1.0,1,41.5,3.0,0.0,11184.2
W6_P1,16,6.656,33.28,39.936,3.75,3.75,0.0,0.0,2.209246,5.0,0.925187,1,38.395246,2.77556,0.0,9642.801336
W6_P1,17,8.408,24.32,32.728,3.1398,3.1398,0.0,0.0,-0.0,2.535282,0.712969,1,29.5882,2.138906,0.0,7746.58228
W6_P1,18,10.808,11.52,22.328,2.61,2.61,0.0,0.0,-0.0,2.530211,0.475133,1,19.718,1.425398,0.0,5380.688048
W6_P1,19,9.604,0.0,9.604,2.1198,2.1198,0.0,0.0,-0.0,2.525151,0.180342,1,7.4842,0.541027,0.0,2342.85187
W6_P1,20,6.832,0.0,6.832,1.86,1.86,0.0,0.0,-0.0,2.5201,0.119807,1,4.972,0.359422,0.0,1624.195566
W6_P1,21,8.384,0.0,8.384,1.6302,1.6302,0.0,0.0,-0.0,2.51506,0.162742,1,6.7538,0.488227,0.0,2071.79907
W6_P1,22,7.688,0.0,7.688,1.56,1.56,0.0,0.0,-0.0,2.51003,0.147663,1,6.128,0.442988,0.0,1891.956241
W6_P1,23,9.672,0.0,9.672,1.4802,1.4802,0.0,0.0,0.0,2.50501,0.197393,1,8.1918,0.592178,0.0,2438.356034
W6_P2,0,9.448,0.0,9.448,1.3698,1.3698,0.0,0.0,0.0,2.5,0.194655,1,8.0782,0.583966,0.0,2391.061075
W6_P2,1,10.504,0.0,10.504,1.0998,1.0998,0.0,0.0,0.0,2.495,0.226607,1,9.4042,0.679822,0.0,2709.315966
W6_P2,2,11.788,0.0,11.788,0.7998,0.7998,0.0,0.0,0.0,2.49001,0.264776,1,10.9882,0.794328,0.0,3092.873846
W6_P2,3,11.504,0.0,11.504,0.99,0.99,0.0,0.0,0.0,2.48503,0.253349,1,10.514,0.760048,0.0,2993.107036
W6_P2,4,11.16,0.0,11.16,1.1802,1.1802,0.0,0.0,0.0,2.48006,0.240477,1,9.9798,0.721431,0.0,2877.106973
W6_P2,5,10.964,0.0,10.964,1.6302,1.6302,0.0,0.0,0.0,2.4751,0.224911,1,9.3338,0.674733,0.0,2769.828949
W6_P2,6,10.744,0.0,10.744,2.5002,2.5002,0.0,0.0,0.0,2.47015,0.198646,1,8.2438,0.595937,0.0,2605.424853
W6_P2,7,10.34,3.2,13.54,3.3702,3.3702,0.0,0.0,0.0,2.465209,0.245055,1,10.1698,0.735166,0.0,3161.012275
W6_P2,8,9.672,10.88,20.552,4.0098,4.0098,0.0,0.0,0.0,2.460279,0.398607,1,16.5422,1.195822,0.0,4750.631966
W6_P2,9,6.948,17.92,24.868,4.2,4.2,0.0,0.0,0.0,2.455358,0.498024,1,20.668,1.494072,0.0,5684.214554
W6_P2,10,6.04,24.96,31.0,4.1202,4.1202,0.0,0.0,0.0,2.450448,0.647706,1,26.8798,1.943118,0.0,7141.673239
W6_P2,11,6.06,31.36,37.42,3.9,3.9,0.0,0.0,0.0,2.445547,0.807711,1,33.52,2.423133,0.0,8713.177349
W6_P2,12,6.528,35.84,42.368,3.2598,3.2598,0.0,0.0,0.0,2.440656,0.942366,1,39.1082,2.827099,0.0,9994.658424
W6_P2,13,5.768,37.12,42.888,2.6898,2.6898,0.0,0.0,0.0,2.435774,0.968631,1,40.1982,2.905894,0.0,10165.66252
W6_P2,14,5.432,32.0,37.432,3.63,3.63,0.0,0.0,0.0,2.430903,0.814506,1,33.802,2.443518,0.0,8729.773639
W6_P2,15,5.368,25.6,30.968,3.8202,3.8202,0.0,0.0,0.0,2.426041,0.654164,1,27.1478,1.962492,0.0,7149.981769
W6_P2,16,6.656,19.2,25.856,3.75,3.75,0.0,0.0,0.0,2.421189,0.532675,1,22.106,1.598024,0.0,5967.371518
W6_P2,17,8.408,9.6,18.008,3.1398,3.1398,0.0,0.0,0.0,2.416346,0.35827,1,14.8682,1.07481,0.0,4205.624207
W6_P2,18,10.808,3.2,14.008,2.61,2.61,0.0,0.0,0.0,2.411514,0.274651,1,11.398,0.823952,0.0,3379.276964
W6_P2,19,9.604,0.0,9.604,2.1198,2.1198,0.0,0.0,0.0,2.406691,0.180342,1,7.4842,0.541027,0.0,2342.85187
W6_P2,20,6.832,0.0,6.832,1.86,1.86,0.0,0.0,0.0,2.401877,0.119807,1,4.972,0.359422,0.0,1624.195566
W6_P2,21,8.384,0.0,8.384,1.6302,1.6302,0.0,0.0,0.0,2.397074,0.162742,1,6.7538,0.488227,0.0,2071.79907
W6_P2,22,7.688,0.0,7.688,1.56,1.56,0.0,0.0,0.0,2.392279,0.147663,1,6.128,0.442988,0.0,1891.956241
W6_P2,23,9.672,0.0,9.672,1.4802,1.4802,0.0,0.130311,0.0,2.387495,0.194253,1,8.061489,0.582758,0.0,2422.646472
W6_P3,0,9.448,0.0,9.448,1.3698,1.3698,0.0,0.0,-0.0,2.5,0.194655,1,8.0782,0.583966,0.0,2391.061075
W6_P3,1,10.504,0.0,10.504,1.0998,1.0998,0.0,0.0,0.0,2.495,0.226607,1,9.4042,0.679822,0.0,2709.315966
W6_P3,2,11.788,0.0,11.788,0.7998,0.7998,0.0,0.0,0.0,2.49001,0.264776,1,10.9882,0.794328,0.0,3092.873846
W6_P3,3,11.504,0.0,11.504,0.99,0.99,0.0,0.0,0.0,2.48503,0.253349,1,10.514,0.760048,0.0,2993.107036
W6_P3,4,11.16,0.0,11.16,1.1802,1.1802,0.0,0.0,0.0,2.48006,0.240477,1,9.9798,0.721431,0.0,2877.106973
W6_P3,5,10.964,0.0,10.964,1.6302,1.6302,0.0,0.0,0.0,2.4751,0.224911,1,9.3338,0.674733,0.0,2769.828949
W6_P3,6,10.744,0.0,10.744,2.5002,2.5002,0.0,0.0,0.0,2.47015,0.198646,1,8.2438,0.595937,0.0,2605.424853
W6_P3,7,10.34,1.28,11.62,3.3702,3.3702,0.0,0.0,0.0,2.465209,0.19879,1,8.2498,0.596371,0.0,2699.148178
W6_P3,8,9.672,3.2,12.872,4.0098,4.0098,0.0,0.0,0.0,2.460279,0.213547,1,8.8622,0.640641,0.0,2903.175581
W6_P3,9,6.948,5.12,12.068,4.2,4.2,0.0,0.0,0.0,2.455358,0.18959,1,7.868,0.568771,0.0,2605.120578
W6_P3,10,6.04,7.68,13.72,4.1202,4.1202,0.0,0.0,0.0,2.450448,0.23132,1,9.5998,0.693961,0.0,2984.896371
W6_P3,11,6.06,11.52,17.58,3.9,3.9,0.0,0.0,0.0,2.445547,0.329639,1,13.68,0.988916,0.0,3940.581687
W6_P3,12,6.528,14.08,20.608,3.2598,3.2598,0.0,0.0,0.0,2.440656,0.418029,1,17.3482,1.254087,0.0,4760.198665
W6_P3,13,5.768,14.08,19.848,2.6898,2.6898,0.0,0.0,0.0,2.435774,0.413451,1,17.1582,1.240352,0.0,4623.293364
W6_P3,14,5.432,11.52,16.952,3.63,3.63,0.0,0.0,0.0,2.430903,0.321012,1,13.322,0.963036,0.0,3803.223277
W6_P3,15,5.368,7.04,12.408,3.8202,3.8202,0.0,0.0,0.0,2.426041,0.206935,1,8.5878,0.620805,0.0,2685.295504
W6_P3,16,6.656,5.12,11.776,3.75,3.75,0.0,0.0,0.0,2.421189,0.193398,1,8.026,0.580193,0.0,2580.368145
W6_P3,17,8.408,3.2,11.608,3.1398,3.1398,0.0,0.0,0.0,2.416346,0.204053,1,8.4682,0.612159,0.0,2666.077219
W6_P3,18,10.808,1.28,12.088,2.61,2.61,0.0,0.0,0.0,2.411514,0.228386,1,9.478,0.685157,0.0,2917.412867
W6_P3,19,9.604,0.0,9.604,2.1198,2.1198,0.0,0.0,0.0,2.406691,0.180342,1,7.4842,0.541027,0.0,2342.85187
W6_P3,20,6.832,0.0,6.832,1.86,1.86,0.0,0.0,0.0,2.401877,0.119807,1,4.972,0.359422,0.0,1624.195566
W6_P3,21,8.384,0.0,8.384,1.6302,1.6302,0.0,0.0,0.0,2.397074,0.162742,1,6.7538,0.488227,0.0,2071.79907
W6_P3,22,7.688,0.0,7.688,1.56,1.56,0.0,0.0,0.0,2.392279,0.147663,1,6.128,0.442988,0.0,1891.956241
W6_P3,23,9.672,0.0,9.672,1.4802,1.4802,0.0,0.130311,0.0,2.387495,0.194253,1,8.061489,0.582758,0.0,2422.646472
W6_P4,0,9.448,0.0,9.448,1.3698,1.3698,0.0,0.0,0.398511,2.5,0.204258,1,8.476711,0.612774,0.0,2443.088367
W6_P4,1,10.504,0.0,10.504,1.0998,1.0998,0.0,0.0,0.0,2.05221,0.226607,1,9.4042,0.679822,0.0,2709.315966
W6_P4,2,11.788,0.0,11.788,0.7998,0.7998,0.0,0.0,0.0,2.048106,0.264776,1,10.9882,0.794328,0.0,3092.873846
W6_P4,3,11.504,0.0,11.504,0.99,0.99,0.0,0.0,0.0,2.044009,0.253349,1,10.514,0.760048,0.0,2993.107036
W6_P4,4,11.16,0.0,11.16,1.1802,1.1802,0.0,0.0,0.0,2.039921,0.240477,1,9.9798,0.721431,0.0,2877.106973
W6_P4,5,10.964,0.0,10.964,1.6302,1.6302,0.0,0.0,0.0,2.035841,0.224911,1,9.3338,0.674733,0.0,2769.828949
W6_P4,6,10.744,0.0,10.744,2.5002,2.5002,0.0,0.0,0.0,2.03177,0.198646,1,8.2438,0.595937,0.0,2605.424853
W6_P4,7,10.34,0.0,10.34,3.3702,3.3702,0.0,0.0,0.0,2.027706,0.167947,1,6.9698,0.503841,0.0,2391.238781
W6_P4,8,9.672,0.0,9.672,4.0098,4.0098,0.0,0.0,0.0,2.023651,0.136439,1,5.6622,0.409316,0.0,2133.402087
W6_P4,9,6.948,0.0,6.948,4.2,4.2,0.0,-0.0,1.402,2.019604,0.1,1,4.15,0.3,0.0,1556.52
W6_P4,10,6.04,0.0,6.04,4.1202,4.1202,0.0,1.9198,0.0,0.457787,0.0,0,0.0,0.0,0.0,906.0
W6_P4,11,6.06,1.28,7.34,3.9,3.9,0.0,0.0,0.71,2.184691,0.1,1,4.15,0.3,0.0,1570.0
W6_P4,12,6.528,5.12,11.648,3.2598,3.2598,0.0,0.0,0.0,1.391433,0.202125,1,8.3882,0.606376,0.0,2604.832882
W6_P4,13,5.768,7.68,13.448,2.6898,2.6898,0.0,0.0,0.0,1.38865,0.259234,1,10.7582,0.777701,0.0,3083.746376
W6_P4,14,5.432,5.12,10.552,3.63,3.63,0.0,0.0,0.0,1.385873,0.166795,1,6.922,0.500386,0.0,2263.676289
W6_P4,15,5.368,1.28,6.648,3.8202,3.8202,0.0,2.8278,-0.0,1.383101,0.0,0,0.0,0.0,0.0,958.8
W6_P4,16,6.656,0.0,6.656,3.75,3.75,0.0,-0.0,1.244,3.925355,0.1,1,4.15,0.3,0.0,1511.14
W6_P4,17,8.408,0.0,8.408,3.1398,3.1398,0.0,0.0,0.0,2.535282,0.126945,1,5.2682,0.380834,0.0,1896.303725
W6_P4,18,10.808,0.0,10.808,2.61,2.61,0.0,0.0,0.0,2.530211,0.197542,1,8.198,0.592627,0.0,2609.50347
W6_P4,19,9.604,0.0,9.604,2.1198,2.1198,0.0,0.0,0.0,2.525151,0.180342,1,7.4842,0.541027,0.0,2342.85187
W6_P4,20,6.832,0.0,6.832,1.86,1.86,0.0,0.0,0.0,2.5201,0.119807,1,4.972,0.359422,0.0,1624.195566
W6_P4,21,8.384,0.0,8.384,1.6302,1.6302,0.0,0.0,0.0,2.51506,0.162742,1,6.7538,0.488227,0.0,2071.79907
W6_P4,22,7.688,0.0,7.688,1.56,1.56,0.0,0.0,0.0,2.51003,0.147663,1,6.128,0.442988,0.0,1891.956241
W6_P4,23,9.672,0.0,9.672,1.4802,1.4802,0.0,0.0,0.0,2.50501,0.197393,1,8.1918,0.592178,0.0,2438.356034
