scenario_id,hour,alpha,run_status,P_load_MW,P_wind_MW,P_pv_MW,P_re_MW,P_alk_MW,P_pem_MW,P_nh3_MW,P_charge_MW,P_discharge_MW,E_storage_MWh,P_curtail_MW,P_unserved_MW,NH3_t,cost_yuan
W1_P1,0,0.202559,1,1.3698,9.776,0.0,9.776,4.051181,4.051181,0.303839,0.0,0.0,0.003257,0.0,0.0,0.607677,2479.802858
W1_P1,1,0.236246,1,1.0998,10.904,0.0,10.904,4.724916,4.724916,0.354369,0.0,0.0,0.00325,0.0,0.0,0.708737,2817.537653
W1_P1,2,0.345836,1,0.7998,15.152,0.0,15.152,6.916723,6.916723,0.518754,0.0,0.0,0.003244,0.0,0.0,1.037508,4003.018231
W1_P1,3,0.296916,1,0.99,13.312,0.0,13.312,5.938313,5.938313,0.445373,0.0,0.0,0.003237,0.0,0.0,0.890747,3482.26906
W1_P1,4,0.334742,1,1.1802,15.072,0.0,15.072,6.694843,6.694843,0.502113,0.0,0.0,0.003231,0.0,0.0,1.004227,3935.51507
W1_P1,5,0.411899,1,1.6302,18.724,0.0,18.724,8.237976,8.237976,0.617848,0.0,0.0,0.003224,0.0,0.0,1.235696,4869.329672
W1_P1,6,0.511031,1,2.5002,9.628,14.08,23.708,10.220627,10.220627,0.766547,0.0,0.0,0.003218,0.0,0.0,1.533094,5690.48972
W1_P1,7,1.0,1,3.3702,22.804,25.6,48.404,20.0,20.0,1.5,3.5338,0.0,0.003211,0.0,0.0,3.0,11495.6
W1_P1,8,1.0,1,4.0098,17.852,37.12,54.972,20.0,20.0,1.5,9.4622,0.0,3.183625,0.0,0.0,3.0,12135.2
W1_P1,9,1.0,1,4.2,14.328,46.08,60.408,20.0,20.0,1.5,14.708,0.0,11.693238,0.0,0.0,3.0,12681.8
W1_P1,10,1.0,1,4.1202,11.904,52.48,64.384,20.0,20.0,1.5,18.7638,0.0,24.907051,0.0,0.0,3.0,13086.2
W1_P1,11,1.0,1,3.9,7.736,55.04,62.776,20.0,20.0,1.5,17.376,0.0,41.744657,0.0,0.0,3.0,12768.2
W1_P1,12,1.0,1,3.2598,8.556,56.32,64.876,20.0,20.0,1.5,20.1162,0.0,57.299568,0.0,0.0,3.0,13044.8
W1_P1,13,1.0,1,2.6898,14.52,56.32,70.84,20.0,20.0,1.5,26.6502,0.0,75.289549,0.0,0.0,3.0,13939.4
W1_P1,14,1.0,1,3.63,6.708,52.48,59.188,20.0,20.0,1.5,14.058,0.0,99.12415,0.0,0.0,3.0,12306.8
W1_P1,15,1.0,1,3.8202,11.176,44.8,55.976,20.0,20.0,1.5,10.6558,0.0,111.578101,0.0,0.0,3.0,12055.4
W1_P1,16,1.0,1,3.75,10.108,33.28,43.388,20.0,20.0,1.5,0.0,1.862,120.945165,0.0,0.0,3.0,10512.8
W1_P1,17,1.0,1,3.1398,6.384,24.32,30.704,20.0,20.0,1.5,0.0,13.9358,118.634386,0.0,0.0,3.0,8879.0
W1_P1,18,1.0,1,2.61,6.428,11.52,17.948,20.0,20.0,1.5,0.0,26.162,102.912895,0.0,0.0,3.0,7349.6
W1_P1,19,1.0,1,2.1198,5.736,0.0,5.736,20.0,20.0,1.5,0.0,37.8838,73.63818,0.0,0.0,3.0,5863.4
W1_P1,20,0.595469,1,1.86,3.752,0.0,3.752,11.909372,11.909372,0.893203,0.0,22.819946,31.397793,0.0,0.0,1.786406,3541.929304
W1_P1,21,0.1,1,1.6302,3.692,0.0,3.692,2.0,2.0,0.15,0.0,2.0882,5.979502,0.0,0.0,0.3,1054.1
W1_P1,22,0.1,1,1.56,4.88,0.0,4.88,2.0,2.0,0.15,0.0,0.83,3.64732,0.0,0.0,0.3,1232.3
W1_P1,23,0.1,1,1.4802,3.192,0.0,3.192,2.0,2.0,0.15,0.0,2.4382,2.717804,0.0,0.0,0.3,979.1
W1_P2,0,0.235763,1,1.3698,9.776,0.0,9.776,4.715257,4.715257,0.353644,0.0,1.377957,1.54062,0.0,0.0,0.707288,2645.921423
W1_P2,1,0.236246,1,1.0998,10.904,0.0,10.904,4.724916,4.724916,0.354369,0.0,0.0,0.006475,0.0,0.0,0.708737,2817.537653
W1_P2,2,0.345836,1,0.7998,15.152,0.0,15.152,6.916723,6.916723,0.518754,0.0,0.0,0.006462,0.0,0.0,1.037508,4003.018231
W1_P2,3,0.296916,1,0.99,13.312,0.0,13.312,5.938313,5.938313,0.445373,0.0,0.0,0.006449,0.0,0.0,0.890747,3482.26906
W1_P2,4,0.334742,1,1.1802,15.072,0.0,15.072,6.694843,6.694843,0.502113,0.0,0.0,0.006436,0.0,0.0,1.004227,3935.51507
W1_P2,5,0.411899,1,1.6302,18.724,0.0,18.724,8.237976,8.237976,0.617848,0.0,0.0,0.006423,0.0,0.0,1.235696,4869.329672
W1_P2,6,0.171754,1,2.5002,9.628,0.0,9.628,3.435084,3.435084,0.257631,0.0,0.0,0.006411,0.0,0.0,0.515263,2303.486347
W1_P2,7,0.545393,1,3.3702,22.804,3.2,26.004,10.907855,10.907855,0.818089,0.0,0.0,0.006398,0.0,0.0,1.636178,6533.200034
W1_P2,8,0.595716,1,4.0098,17.852,10.88,28.732,11.914313,11.914313,0.893573,0.0,0.0,0.006385,0.0,0.0,1.787147,6963.76546
W1_P2,9,0.675855,1,4.2,14.328,17.92,32.248,13.517108,13.517108,1.013783,0.0,0.0,0.006372,0.0,0.0,2.027566,7680.904675
W1_P2,10,0.789007,1,4.1202,11.904,24.96,36.864,15.780145,15.780145,1.183511,0.0,0.0,0.006359,0.0,0.0,2.367022,8728.203166
W1_P2,11,0.848096,1,3.9,7.736,31.36,39.096,16.961928,16.961928,1.272145,0.0,0.0,0.006347,0.0,0.0,2.544289,9166.626217
W1_P2,12,0.991371,1,3.2598,8.556,35.84,44.396,19.827416,19.827416,1.487056,0.0,0.005689,0.006334,0.0,0.0,2.974112,10544.028237
W1_P2,13,1.0,1,2.6898,14.52,37.12,51.64,20.0,20.0,1.5,7.4502,0.0,0.0,0.0,0.0,3.0,11635.4
W1_P2,14,0.850965,1,3.63,6.708,32.0,38.708,17.019309,17.019309,1.276448,0.0,0.237065,6.70518,0.0,0.0,2.552896,9103.580053
W1_P2,15,0.794116,1,3.8202,11.176,25.6,36.776,15.882313,15.882313,1.191173,0.0,0.0,6.428364,0.0,0.0,2.382347,8721.36066
W1_P2,16,0.615855,1,3.75,10.108,19.2,29.308,12.317108,12.317108,0.923783,0.0,0.0,6.415507,0.0,0.0,1.847566,6901.324675
W1_P2,17,0.309499,1,3.1398,6.384,9.6,15.984,6.189976,6.189976,0.464248,0.0,0.0,6.402676,0.0,0.0,0.928496,3658.022472
W1_P2,18,0.169108,1,2.61,6.428,3.2,9.628,3.382169,3.382169,0.253663,0.0,0.0,6.389871,0.0,0.0,0.507325,2194.249494
W1_P2,19,0.1,1,2.1198,5.736,0.0,5.736,2.0,2.0,0.15,0.0,0.5338,6.377091,0.0,0.0,0.3,1360.7
W1_P2,20,0.1,1,1.86,3.752,0.0,3.752,2.0,2.0,0.15,0.0,2.258,5.771226,0.0,0.0,0.3,1063.1
W1_P2,21,0.1,1,1.6302,3.692,0.0,3.692,2.0,2.0,0.15,0.0,2.0882,3.250794,0.0,0.0,0.3,1054.1
W1_P2,22,0.1,1,1.56,4.88,0.0,4.88,2.0,2.0,0.15,0.0,0.83,0.92407,0.0,0.0,0.3,1232.3
W1_P2,23,0.0,0,1.4802,3.192,0.0,3.192,0.0,0.0,0.0,1.7118,0.0,0.0,0.0,0.0,0.0,478.8
W1_P3,0,0.202559,1,1.3698,9.776,0.0,9.776,4.051181,4.051181,0.303839,0.0,0.0,1.54062,0.0,0.0,0.607677,2479.802858
W1_P3,1,0.236246,1,1.0998,10.904,0.0,10.904,4.724916,4.724916,0.354369,0.0,0.0,1.537539,0.0,0.0,0.708737,2817.537653
W1_P3,2,0.345836,1,0.7998,15.152,0.0,15.152,6.916723,6.916723,0.518754,0.0,0.0,1.534464,0.0,0.0,1.037508,4003.018231
W1_P3,3,0.296916,1,0.99,13.312,0.0,13.312,5.938313,5.938313,0.445373,0.0,0.0,1.531395,0.0,0.0,0.890747,3482.26906
W1_P3,4,0.334742,1,1.1802,15.072,0.0,15.072,6.694843,6.694843,0.502113,0.0,0.0,1.528332,0.0,0.0,1.004227,3935.51507
W1_P3,5,0.411899,1,1.6302,18.724,0.0,18.724,8.237976,8.237976,0.617848,0.0,0.0,1.525275,0.0,0.0,1.235696,4869.329672
W1_P3,6,0.171754,1,2.5002,9.628,0.0,9.628,3.435084,3.435084,0.257631,0.0,0.0,1.522225,0.0,0.0,0.515263,2303.486347
W1_P3,7,0.499128,1,3.3702,22.804,1.28,24.084,9.982554,9.982554,0.748692,0.0,0.0,1.51918,0.0,0.0,1.497383,6071.335937
W1_P3,8,0.410655,1,4.0098,17.852,3.2,21.052,8.213108,8.213108,0.615983,0.0,0.0,1.516142,0.0,0.0,1.231966,5116.309075
W1_P3,9,0.367422,1,4.2,14.328,5.12,19.448,7.348434,7.348434,0.551133,0.0,0.0,1.51311,0.0,0.0,1.102265,4601.810699
W1_P3,10,0.372622,1,4.1202,11.904,7.68,19.584,7.452434,7.452434,0.558933,0.0,0.0,1.510083,0.0,0.0,1.117865,4571.426299
W1_P3,11,0.370024,1,3.9,7.736,11.52,19.256,7.400482,7.400482,0.555036,0.0,0.0,1.507063,0.0,0.0,1.110072,4394.030554
W1_P3,12,0.466896,1,3.2598,8.556,14.08,22.636,9.337928,9.337928,0.700345,0.0,0.0,1.504049,0.0,0.0,1.400689,5308.882617
W1_P3,13,0.624342,1,2.6898,14.52,14.08,28.6,12.486843,12.486843,0.936513,0.0,0.0,1.501041,0.0,0.0,1.873027,6991.18387
W1_P3,14,0.351759,1,3.63,6.708,11.52,18.228,7.035181,7.035181,0.527639,0.0,0.0,1.498039,0.0,0.0,1.055277,4148.450458
W1_P3,15,0.346887,1,3.8202,11.176,7.04,18.216,6.937735,6.937735,0.52033,0.0,0.0,1.495043,0.0,0.0,1.04066,4256.674395
W1_P3,16,0.276578,1,3.75,10.108,5.12,15.228,5.531566,5.531566,0.414867,0.0,0.0,1.492053,0.0,0.0,0.829735,3514.321301
W1_P3,17,0.155282,1,3.1398,6.384,3.2,9.584,3.105639,3.105639,0.232923,0.0,0.0,1.489069,0.0,0.0,0.465846,2118.475484
W1_P3,18,0.105028,1,2.61,6.428,1.28,7.708,2.10057,2.10057,0.157543,0.739318,0.0,1.486091,0.0,0.0,0.315085,1643.257507
W1_P3,19,0.1,1,2.1198,5.736,0.0,5.736,2.0,2.0,0.15,0.0,0.5338,2.148504,0.0,0.0,0.3,1360.7
W1_P3,20,0.0,0,1.86,3.752,0.0,3.752,0.0,0.0,0.0,1.892,-0.0,1.551096,0.0,0.0,0.0,562.8
W1_P3,21,0.1,1,1.6302,3.692,0.0,3.692,2.0,2.0,0.15,-0.0,2.0882,3.250794,0.0,0.0,0.3,1054.1
W1_P3,22,0.1,1,1.56,4.88,0.0,4.88,2.0,2.0,0.15,0.0,0.83,0.92407,0.0,0.0,0.3,1232.3
W1_P3,23,-0.0,0,1.4802,3.192,0.0,3.192,-0.0,-0.0,-0.0,1.7118,-0.0,0.0,0.0,0.0,-0.0,478.8
W1_P4,0,0.202559,1,1.3698,9.776,0.0,9.776,4.051181,4.051181,0.303839,0.0,0.0,2.047176,0.0,0.0,0.607677,2479.802858
W1_P4,1,0.236246,1,1.0998,10.904,0.0,10.904,4.724916,4.724916,0.354369,0.0,0.0,2.043082,0.0,0.0,0.708737,2817.537653
W1_P4,2,0.345836,1,0.7998,15.152,0.0,15.152,6.916723,6.916723,0.518754,0.0,0.0,2.038996,0.0,0.0,1.037508,4003.018231
W1_P4,3,0.296916,1,0.99,13.312,0.0,13.312,5.938313,5.938313,0.445373,0.0,0.0,2.034918,0.0,0.0,0.890747,3482.26906
W1_P4,4,0.334742,1,1.1802,15.072,0.0,15.072,6.694843,6.694843,0.502113,0.0,0.0,2.030848,0.0,0.0,1.004227,3935.51507
W1_P4,5,0.411899,1,1.6302,18.724,0.0,18.724,8.237976,8.237976,0.617848,0.0,0.0,2.026786,0.0,0.0,1.235696,4869.329672
W1_P4,6,0.171754,1,2.5002,9.628,0.0,9.628,3.435084,3.435084,0.257631,0.0,0.0,2.022733,0.0,0.0,0.515263,2303.486347
W1_P4,7,0.468284,1,3.3702,22.804,0.0,22.804,9.365687,9.365687,0.702427,0.0,0.0,2.018687,0.0,0.0,1.404853,5763.42654
W1_P4,8,0.333547,1,4.0098,17.852,0.0,17.852,6.67094,6.67094,0.50032,0.0,0.0,2.01465,0.0,0.0,1.000641,4346.535581
W1_P4,9,0.244048,1,4.2,14.328,0.0,14.328,4.880964,4.880964,0.366072,0.0,0.0,2.01062,0.0,0.0,0.732145,3370.173108
W1_P4,10,0.187561,1,4.1202,11.904,0.0,11.904,3.751229,3.751229,0.281342,0.0,0.0,2.006599,0.0,0.0,0.562684,2723.969913
W1_P4,11,0.123277,1,3.9,7.736,1.28,9.016,2.465542,2.465542,0.184916,0.0,0.0,2.002586,0.0,0.0,0.369831,1930.755373
W1_P4,12,0.250993,1,3.2598,8.556,5.12,13.676,5.019855,5.019855,0.376489,0.0,0.0,1.998581,0.0,0.0,0.752978,3153.516834
W1_P4,13,0.470125,1,2.6898,14.52,7.68,22.2,9.402506,9.402506,0.705188,0.0,0.0,1.994584,0.0,0.0,1.410376,5451.636882
W1_P4,14,0.197542,1,3.63,6.708,5.12,11.828,3.950843,3.950843,0.296313,0.0,0.0,1.990594,0.0,0.0,0.592627,2608.90347
W1_P4,15,0.208092,1,3.8202,11.176,1.28,12.456,4.161831,4.161831,0.312137,0.0,0.0,1.986613,0.0,0.0,0.624275,2871.082106
W1_P4,16,0.153205,1,3.75,10.108,0.0,10.108,3.064096,3.064096,0.229807,0.0,0.0,1.98264,0.0,0.0,0.459614,2282.683711
W1_P4,17,0.1,1,3.1398,6.384,0.0,6.384,2.0,2.0,0.15,0.0,0.9058,1.978675,0.0,0.0,0.3,1457.9
W1_P4,18,0.1,1,2.61,6.428,0.0,6.428,2.0,2.0,0.15,0.0,0.332,0.968273,0.0,0.0,0.3,1464.5
W1_P4,19,0.1,1,2.1198,5.736,0.0,5.736,2.0,2.0,0.15,0.0,0.5338,0.597448,0.0,0.0,0.3,1360.7
W1_P4,20,-0.0,0,1.86,3.752,0.0,3.752,-0.0,-0.0,-0.0,1.892,0.0,0.003142,0.0,0.0,-0.0,562.8
W1_P4,21,0.0,0,1.6302,3.692,0.0,3.692,0.0,0.0,0.0,2.0618,0.0,1.705935,0.0,0.0,0.0,553.8
W1_P4,22,0.146003,1,1.56,4.88,0.0,4.88,2.920053,2.920053,0.219004,0.0,2.73911,3.558143,0.0,0.0,0.438008,1462.451287
W1_P4,23,0.0,0,1.4802,3.192,0.0,3.192,0.0,0.0,0.0,1.7118,0.0,0.507571,0.0,0.0,0.0,478.8
W2_P1,0,0.1,1,1.3698,5.312,0.0,5.312,2.0,2.0,0.15,0.0,0.2078,0.234602,0.0,0.0,0.3,1297.1
W2_P1,1,0.178318,1,1.0998,8.5,0.0,8.5,3.566361,3.566361,0.267477,0.0,0.0,0.003244,0.0,0.0,0.534954,2167.125316
W2_P1,2,0.206752,1,0.7998,9.38,0.0,9.38,4.135036,4.135036,0.310128,0.0,0.0,0.003237,0.0,0.0,0.620255,2441.379292
W2_P1,3,0.224434,1,0.99,10.304,0.0,10.304,4.488675,4.488675,0.336651,0.0,0.0,0.003231,0.0,0.0,0.673301,2668.441976
W2_P1,4,0.210116,1,1.1802,9.9,0.0,9.9,4.202313,4.202313,0.315173,0.0,0.0,0.003224,0.0,0.0,0.630347,2536.20866
W2_P1,5,0.192525,1,1.6302,9.62,0.0,9.62,3.850506,3.850506,0.288788,0.0,0.0,0.003218,0.0,0.0,0.577576,2406.204082
W2_P1,6,0.499272,1,2.5002,9.14,14.08,23.22,9.985446,9.985446,0.748908,0.0,0.0,0.003211,0.0,0.0,1.497817,5558.459263
W2_P1,7,0.719754,1,3.3702,7.64,25.6,33.24,14.395084,14.395084,1.079631,0.0,0.0,0.003205,0.0,0.0,2.159263,7818.930347
W2_P1,8,0.912246,1,4.0098,4.748,37.12,41.868,18.244916,18.244916,1.368369,0.0,0.0,0.003199,0.0,0.0,2.736737,9730.565653
W2_P1,9,1.0,1,4.2,4.86,46.08,50.94,20.0,20.0,1.5,5.24,0.0,0.003192,0.0,0.0,3.0,11261.6
W2_P1,10,1.0,1,4.1202,5.336,52.48,57.816,20.0,20.0,1.5,12.1958,0.0,4.719186,0.0,0.0,3.0,12101.0
W2_P1,11,1.0,1,3.9,4.292,55.04,59.332,20.0,20.0,1.5,13.932,0.0,15.685967,0.0,0.0,3.0,12251.6
W2_P1,12,1.0,1,3.2598,4.168,56.32,60.488,20.0,20.0,1.5,15.7282,0.0,28.193396,0.0,0.0,3.0,12386.6
W2_P1,13,1.0,1,2.6898,6.788,56.32,63.108,20.0,20.0,1.5,18.9182,0.0,42.292389,0.0,0.0,3.0,12779.6
W2_P1,14,1.0,1,3.63,8.364,52.48,60.844,20.0,20.0,1.5,15.714,0.0,59.234184,0.0,0.0,3.0,12555.2
W2_P1,15,1.0,1,3.8202,8.404,44.8,53.204,20.0,20.0,1.5,7.8838,0.0,73.258316,0.0,0.0,3.0,11639.6
W2_P1,16,1.0,1,3.75,5.896,33.28,39.176,20.0,20.0,1.5,0.0,6.074,80.207219,0.0,0.0,3.0,9881.0
W2_P1,17,1.0,1,3.1398,6.608,24.32,30.928,20.0,20.0,1.5,0.0,13.7118,73.297916,0.0,0.0,3.0,8912.6
W2_P1,18,1.0,1,2.61,6.252,11.52,17.772,20.0,20.0,1.5,0.0,26.338,57.915987,0.0,0.0,3.0,7323.2
W2_P1,19,0.439148,1,2.1198,4.312,0.0,4.312,8.782963,8.782963,0.658722,0.0,16.032449,28.53571,0.0,0.0,1.317444,2843.858244
W2_P1,20,0.1,1,1.86,2.328,0.0,2.328,2.0,2.0,0.15,0.0,3.682,10.664807,0.0,0.0,0.3,849.5
W2_P1,21,0.0,0,1.6302,1.492,0.0,1.492,0.0,0.0,0.0,0.0,0.1382,6.552366,0.0,0.0,0.0,223.8
W2_P1,22,0.1,1,1.56,2.124,0.0,2.124,2.0,2.0,0.15,0.0,3.586,6.385706,0.0,0.0,0.3,818.9
W2_P1,23,0.1,1,1.4802,3.696,0.0,3.696,2.0,2.0,0.15,0.0,1.9342,2.38849,0.0,0.0,0.3,1054.7
W2_P2,0,0.1,1,1.3698,5.312,0.0,5.312,2.0,2.0,0.15,0.0,0.2078,0.269816,0.0,0.0,0.3,1297.1
W2_P2,1,0.179149,1,1.0998,8.5,0.0,8.5,3.582978,3.582978,0.268723,0.0,0.03448,0.038387,0.0,0.0,0.537447,2171.281979
W2_P2,2,0.206752,1,0.7998,9.38,0.0,9.38,4.135036,4.135036,0.310128,0.0,-0.0,0.0,0.0,0.0,0.620255,2441.379292
W2_P2,3,0.224434,1,0.99,10.304,0.0,10.304,4.488675,4.488675,0.336651,0.0,-0.0,0.0,0.0,0.0,0.673301,2668.441976
W2_P2,4,0.210116,1,1.1802,9.9,0.0,9.9,4.202313,4.202313,0.315173,0.0,-0.0,0.0,0.0,0.0,0.630347,2536.20866
W2_P2,5,0.192525,1,1.6302,9.62,0.0,9.62,3.850506,3.850506,0.288788,0.0,-0.0,0.0,0.0,0.0,0.577576,2406.204082
W2_P2,6,0.159995,1,2.5002,9.14,0.0,9.14,3.199904,3.199904,0.239993,0.0,-0.0,0.0,0.0,0.0,0.479986,2171.455889
W2_P2,7,0.179995,1,3.3702,7.64,3.2,10.84,3.599904,3.599904,0.269993,0.0,-0.0,0.0,0.0,0.0,0.539986,2430.515889
W2_P2,8,0.279957,1,4.0098,4.748,10.88,15.628,5.599133,5.599133,0.419935,0.0,-0.0,0.0,0.0,0.0,0.83987,3418.423002
W2_P2,9,0.447711,1,4.2,4.86,17.92,22.78,8.954217,8.954217,0.671566,0.0,-0.0,0.0,0.0,0.0,1.343133,5119.297349
W2_P2,10,0.630742,1,4.1202,5.336,24.96,30.296,12.614843,12.614843,0.946113,0.0,-0.0,0.0,0.0,0.0,1.892227,6951.20307
W2_P2,11,0.765108,1,3.9,4.292,31.36,35.652,15.302169,15.302169,1.147663,0.0,-0.0,0.0,0.0,0.0,2.295325,8234.837494
W2_P2,12,0.885499,1,3.2598,4.168,35.84,40.008,17.709976,17.709976,1.328248,0.0,0.0,-0.0,0.0,0.0,2.656496,9356.150472
W2_P2,13,0.99321,1,2.6898,6.788,37.12,43.908,19.864193,19.864193,1.489814,0.0,0.0,-0.0,0.0,0.0,2.979629,10441.627822
W2_P2,14,0.885157,1,3.63,8.364,32.0,40.364,17.703133,17.703133,1.327735,0.0,0.0,-0.0,0.0,0.0,2.65547,9523.038602
W2_P2,15,0.72732,1,3.8202,8.404,25.6,34.004,14.54641,14.54641,1.090981,0.0,0.0,-0.0,0.0,0.0,2.181961,7971.384371
W2_P2,16,0.514361,1,3.75,5.896,19.2,25.096,10.287229,10.287229,0.771542,0.0,0.0,-0.0,0.0,0.0,1.543084,5761.750313
W2_P2,17,0.314896,1,3.1398,6.608,9.6,16.208,6.297928,6.297928,0.472345,0.0,0.0,-0.0,0.0,0.0,0.944689,3718.626617
W2_P2,18,0.164867,1,2.61,6.252,3.2,9.452,3.297349,3.297349,0.247301,0.0,0.0,-0.0,0.0,0.0,0.494602,2146.631952
W2_P2,19,0.0,0,2.1198,4.312,0.0,4.312,0.0,0.0,0.0,2.1922,-0.0,-0.0,0.0,0.0,0.0,646.8
W2_P2,20,0.0,0,1.86,2.328,0.0,2.328,0.0,0.0,0.0,0.468,-0.0,1.97298,0.0,0.0,0.0,349.2
W2_P2,21,-0.0,0,1.6302,1.492,0.0,1.492,-0.0,-0.0,-0.0,0.0,0.1382,2.390234,0.0,0.0,-0.0,223.8
W2_P2,22,-0.0,0,1.56,2.124,0.0,2.124,-0.0,-0.0,-0.0,0.564,-0.0,2.231898,0.0,0.0,-0.0,318.6
W2_P2,23,0.106737,1,1.4802,3.696,0.0,3.696,2.134734,2.134734,0.160105,-0.0,2.213773,2.735034,0.0,0.0,0.32021,1088.403747
W2_P3,0,0.1,1,1.3698,5.312,0.0,5.312,2.0,2.0,0.15,0.0,0.2078,0.47424,0.0,0.0,0.3,1297.1
W2_P3,1,0.178318,1,1.0998,8.5,0.0,8.5,3.566361,3.566361,0.267477,0.0,0.0,0.242403,0.0,0.0,0.534954,2167.125316
W2_P3,2,0.206752,1,0.7998,9.38,0.0,9.38,4.135036,4.135036,0.310128,0.0,0.0,0.241918,0.0,0.0,0.620255,2441.379292
W2_P3,3,0.224434,1,0.99,10.304,0.0,10.304,4.488675,4.488675,0.336651,0.0,0.0,0.241434,0.0,0.0,0.673301,2668.441976
W2_P3,4,0.210116,1,1.1802,9.9,0.0,9.9,4.202313,4.202313,0.315173,0.0,0.0,0.240951,0.0,0.0,0.630347,2536.20866
W2_P3,5,0.192525,1,1.6302,9.62,0.0,9.62,3.850506,3.850506,0.288788,0.0,0.0,0.240469,0.0,0.0,0.577576,2406.204082
W2_P3,6,0.159995,1,2.5002,9.14,0.0,9.14,3.199904,3.199904,0.239993,0.0,0.0,0.239988,0.0,0.0,0.479986,2171.455889
W2_P3,7,0.13373,1,3.3702,7.64,1.28,8.92,2.674602,2.674602,0.200595,0.0,0.0,0.239508,0.0,0.0,0.40119,1968.651793
W2_P3,8,0.1,1,4.0098,4.748,3.2,7.948,2.0,2.0,0.15,0.0,0.2118,0.239029,0.0,0.0,0.3,1596.5
W2_P3,9,0.139277,1,4.2,4.86,5.12,9.98,2.785542,2.785542,0.208916,0.0,0.0,0.003218,0.0,0.0,0.417831,2040.203373
W2_P3,10,0.214357,1,4.1202,5.336,7.68,13.016,4.287133,4.287133,0.321535,0.0,0.0,0.003211,0.0,0.0,0.64307,2794.426202
W2_P3,11,0.287036,1,3.9,4.292,11.52,15.812,5.740723,5.740723,0.430554,0.0,0.0,0.003205,0.0,0.0,0.861108,3462.241831
W2_P3,12,0.361161,1,3.2598,4.168,14.08,18.248,7.223229,7.223229,0.541742,0.0,0.0,0.003199,0.0,0.0,1.083484,4121.690713
W2_P3,13,0.438029,1,2.6898,6.788,14.08,20.868,8.760578,8.760578,0.657043,0.0,0.0,0.003192,0.0,0.0,1.314087,4899.258665
W2_P3,14,0.391663,1,3.63,8.364,11.52,19.884,7.833253,7.833253,0.587494,0.0,0.0,0.003186,0.0,0.0,1.174988,4596.488241
W2_P3,15,0.280092,1,3.8202,8.404,7.04,15.444,5.601831,5.601831,0.420137,0.0,0.0,0.003179,0.0,0.0,0.840275,3506.698106
W2_P3,16,0.175084,1,3.75,5.896,5.12,11.016,3.501687,3.501687,0.262627,0.0,0.0,0.003173,0.0,0.0,0.525253,2374.74694
W2_P3,17,0.16068,1,3.1398,6.608,3.2,9.808,3.21359,3.21359,0.241019,0.0,0.0,0.003167,0.0,0.0,0.482039,2179.079629
W2_P3,18,0.118602,1,2.61,6.252,1.28,7.532,2.372048,2.372048,0.177904,0.0,0.0,0.00316,0.0,0.0,0.355807,1684.767855
W2_P3,19,-0.0,0,2.1198,4.312,0.0,4.312,-0.0,-0.0,-0.0,2.1922,-0.0,0.003154,0.0,0.0,-0.0,646.8
W2_P3,20,0.0,0,1.86,2.328,0.0,2.328,0.0,0.0,0.0,0.468,-0.0,1.976128,0.0,0.0,0.0,349.2
W2_P3,21,-0.0,0,1.6302,1.492,0.0,1.492,-0.0,-0.0,-0.0,0.0,0.1382,2.393376,0.0,0.0,-0.0,223.8
W2_P3,22,-0.0,0,1.56,2.124,0.0,2.124,-0.0,-0.0,-0.0,0.564,-0.0,2.235033,0.0,0.0,-0.0,318.6
W2_P3,23,0.102371,1,1.4802,3.696,0.0,3.696,2.047423,2.047423,0.153557,-0.0,2.032602,2.738163,0.0,0.0,0.307113,1066.562796
W2_P4,0,0.101663,1,1.3698,5.312,0.0,5.312,2.033267,2.033267,0.152495,0.0,0.276828,0.308203,0.0,0.0,0.30499,1305.421657
W2_P4,1,0.178318,1,1.0998,8.5,0.0,8.5,3.566361,3.566361,0.267477,0.0,-0.0,0.0,0.0,0.0,0.534954,2167.125316
W2_P4,2,0.206752,1,0.7998,9.38,0.0,9.38,4.135036,4.135036,0.310128,0.0,0.0,-0.0,0.0,0.0,0.620255,2441.379292
W2_P4,3,0.224434,1,0.99,10.304,0.0,10.304,4.488675,4.488675,0.336651,0.0,0.0,-0.0,0.0,0.0,0.673301,2668.441976
W2_P4,4,0.210116,1,1.1802,9.9,0.0,9.9,4.202313,4.202313,0.315173,0.0,0.0,-0.0,0.0,0.0,0.630347,2536.20866
W2_P4,5,0.192525,1,1.6302,9.62,0.0,9.62,3.850506,3.850506,0.288788,0.0,0.0,-0.0,0.0,0.0,0.577576,2406.204082
W2_P4,6,0.159995,1,2.5002,9.14,0.0,9.14,3.199904,3.199904,0.239993,0.0,0.0,-0.0,0.0,0.0,0.479986,2171.455889
W2_P4,7,0.102887,1,3.3702,7.64,0.0,7.64,2.057735,2.057735,0.15433,0.0,0.0,-0.0,0.0,0.0,0.30866,1660.742395
W2_P4,8,0.0,0,4.0098,4.748,0.0,4.748,0.0,0.0,0.0,0.7382,0.0,0.0,0.0,0.0,0.0,712.2
W2_P4,9,0.0,0,4.2,4.86,0.0,4.86,0.0,0.0,0.0,0.66,0.0,0.66438,0.0,0.0,0.0,729.0
W2_P4,10,0.0,0,4.1202,5.336,0.0,5.336,0.0,0.0,0.0,1.2158,0.0,1.257051,0.0,0.0,0.0,800.4
W2_P4,11,0.0,0,3.9,4.292,1.28,5.572,0.0,0.0,0.0,1.672,0.0,2.348757,0.0,0.0,0.0,797.4
W2_P4,12,0.1509,1,3.2598,4.168,5.12,9.288,3.017993,3.017993,0.226349,0.0,0.234135,3.84886,0.0,0.0,0.452699,1994.55092
W2_P4,13,0.283812,1,2.6898,6.788,7.68,14.468,5.676241,5.676241,0.425718,0.0,0.0,3.581012,0.0,0.0,0.851436,3359.711677
W2_P4,14,0.237446,1,3.63,8.364,5.12,13.484,4.748916,4.748916,0.356169,0.0,0.0,3.57385,0.0,0.0,0.712337,3056.941253
W2_P4,15,0.141296,1,3.8202,8.404,1.28,9.684,2.825928,2.825928,0.211945,0.0,0.0,3.566702,0.0,0.0,0.423889,2121.105817
W2_P4,16,0.1,1,3.75,5.896,0.0,5.896,2.0,2.0,0.15,0.0,2.004,3.559569,0.0,0.0,0.3,1384.7
W2_P4,17,0.1,1,3.1398,6.608,0.0,6.608,2.0,2.0,0.15,0.0,0.6818,1.325783,0.0,0.0,0.3,1491.5
W2_P4,18,0.1,1,2.61,6.252,0.0,6.252,2.0,2.0,0.15,0.0,0.508,0.565576,0.0,0.0,0.3,1438.1
W2_P4,19,-0.0,0,2.1198,4.312,0.0,4.312,-0.0,-0.0,-0.0,2.1922,0.0,0.0,0.0,0.0,-0.0,646.8
W2_P4,20,0.0,0,1.86,2.328,0.0,2.328,0.0,0.0,0.0,0.468,0.0,1.97298,0.0,0.0,0.0,349.2
W2_P4,21,0.0,0,1.6302,1.492,0.0,1.492,0.0,0.0,0.0,0.0,0.1382,2.390234,0.0,0.0,0.0,223.8
W2_P4,22,0.0,0,1.56,2.124,0.0,2.124,0.0,0.0,0.0,0.564,0.0,2.231898,0.0,0.0,0.0,318.6
W2_P4,23,0.105904,1,1.4802,3.696,0.0,3.696,2.118084,2.118084,0.158856,0.0,2.179225,2.735034,0.0,0.0,0.317713,1084.238753
W3_P1,0,0.253836,1,1.3698,11.904,0.0,11.904,5.076723,5.076723,0.380754,0.0,0.0,0.019194,0.0,0.0,0.761508,3055.542231
W3_P1,1,0.296419,1,1.0998,13.384,0.0,13.384,5.928388,5.928388,0.444629,0.0,0.017205,0.019155,0.0,0.0,0.889258,3490.586282
W3_P1,2,0.324535,1,0.7998,14.268,0.0,14.268,6.490699,6.490699,0.486802,0.0,-0.0,0.0,0.0,0.0,0.973605,3763.848304
W3_P1,3,0.35494,1,0.99,15.72,0.0,15.72,7.098795,7.098795,0.53241,0.0,0.0,0.0,0.0,0.0,1.064819,4133.763614
W3_P1,4,0.335128,1,1.1802,15.088,0.0,15.088,6.702554,6.702554,0.502692,0.0,-0.0,-0.0,0.0,0.0,1.005383,3939.843937
W3_P1,5,0.285441,1,1.6302,13.476,0.0,13.476,5.708819,5.708819,0.428161,0.0,0.0,0.0,0.0,0.0,0.856323,3449.461142
W3_P1,6,0.612333,1,2.5002,13.832,14.08,27.912,12.246651,12.246651,0.918499,0.0,0.0,-0.0,0.0,0.0,1.836998,6827.899648
W3_P1,7,0.843128,1,3.3702,12.76,25.6,38.36,16.862554,16.862554,1.264692,0.0,0.0,-0.0,0.0,0.0,2.529383,9204.167937
W3_P1,8,1.0,1,4.0098,10.712,37.12,47.832,20.0,20.0,1.5,2.3222,0.0,-0.0,0.0,0.0,3.0,11064.2
W3_P1,9,1.0,1,4.2,11.916,46.08,57.996,20.0,20.0,1.5,12.296,0.0,2.08998,0.0,0.0,3.0,12320.0
W3_P1,10,1.0,1,4.1202,8.804,52.48,61.284,20.0,20.0,1.5,15.6638,0.0,13.1522,0.0,0.0,3.0,12621.2
W3_P1,11,1.0,1,3.9,9.3,55.04,64.34,20.0,20.0,1.5,18.94,0.0,27.223316,0.0,0.0,3.0,13002.8
W3_P1,12,1.0,1,3.2598,9.012,56.32,65.332,20.0,20.0,1.5,20.5722,0.0,44.214869,0.0,0.0,3.0,13113.2
W3_P1,13,1.0,1,2.6898,10.704,56.32,67.024,20.0,20.0,1.5,22.8342,0.0,62.641419,0.0,0.0,3.0,13367.0
W3_P1,14,1.0,1,3.63,10.604,52.48,63.084,20.0,20.0,1.5,17.954,0.0,83.066916,0.0,0.0,3.0,12891.2
W3_P1,15,1.0,1,3.8202,14.552,44.8,59.352,20.0,20.0,1.5,14.0318,0.0,99.059383,0.0,0.0,3.0,12561.8
W3_P1,16,1.0,1,3.75,13.724,33.28,47.004,20.0,20.0,1.5,1.754,0.0,111.489884,0.0,0.0,3.0,11055.2
W3_P1,17,1.0,1,3.1398,12.348,24.32,36.668,20.0,20.0,1.5,0.0,7.9718,112.845504,0.0,0.0,3.0,9773.6
W3_P1,18,1.0,1,2.61,12.152,11.52,23.672,20.0,20.0,1.5,0.0,20.438,103.762258,0.0,0.0,3.0,8208.2
W3_P1,19,1.0,1,2.1198,9.236,0.0,9.236,20.0,20.0,1.5,0.0,34.3838,80.845844,0.0,0.0,3.0,6388.4
W3_P1,20,1.0,1,1.86,7.228,0.0,7.228,20.0,20.0,1.5,0.0,36.132,42.47993,0.0,0.0,3.0,6087.2
W3_P1,21,0.159612,1,1.6302,6.252,0.0,6.252,3.192233,3.192233,0.239417,0.0,2.002083,2.248304,0.0,0.0,0.478835,1736.336994
W3_P1,22,0.11788,1,1.56,6.452,0.0,6.452,2.35759,2.35759,0.176819,0.0,0.0,0.019271,0.0,0.0,0.353639,1557.551229
W3_P1,23,0.156429,1,1.4802,7.972,0.0,7.972,3.128578,3.128578,0.234643,0.0,0.0,0.019232,0.0,0.0,0.469287,1978.413865
W3_P2,0,0.254019,1,1.3698,11.904,0.0,11.904,5.08039,5.08039,0.381029,0.0,0.007609,0.008471,0.0,0.0,0.762058,3056.459473
W3_P2,1,0.296005,1,1.0998,13.384,0.0,13.384,5.920096,5.920096,0.444007,0.0,-0.0,0.0,0.0,0.0,0.888014,3488.512111
W3_P2,2,0.324535,1,0.7998,14.268,0.0,14.268,6.490699,6.490699,0.486802,0.0,-0.0,0.0,0.0,0.0,0.973605,3763.848304
W3_P2,3,0.35494,1,0.99,15.72,0.0,15.72,7.098795,7.098795,0.53241,0.0,-0.0,0.0,0.0,0.0,1.064819,4133.763614
W3_P2,4,0.335128,1,1.1802,15.088,0.0,15.088,6.702554,6.702554,0.502692,0.0,-0.0,0.0,0.0,0.0,1.005383,3939.843937
W3_P2,5,0.285441,1,1.6302,13.476,0.0,13.476,5.708819,5.708819,0.428161,0.0,-0.0,0.0,0.0,0.0,0.856323,3449.461142
W3_P2,6,0.273055,1,2.5002,13.832,0.0,13.832,5.461108,5.461108,0.409583,0.0,0.0,0.0,0.0,0.0,0.819166,3440.896275
W3_P2,7,0.303369,1,3.3702,12.76,3.2,15.96,6.067373,6.067373,0.455053,0.0,-0.0,-0.0,0.0,0.0,0.910106,3815.75348
W3_P2,8,0.423667,1,4.0098,10.712,10.88,21.592,8.473349,8.473349,0.635501,0.0,-0.0,0.0,0.0,0.0,1.271002,5032.008352
W3_P2,9,0.617735,1,4.2,11.916,17.92,29.836,12.354699,12.354699,0.926602,0.0,-0.0,0.0,0.0,0.0,1.853205,7028.327904
W3_P2,10,0.714308,1,4.1202,8.804,24.96,33.764,14.286169,14.286169,1.071463,0.0,-0.0,0.0,0.0,0.0,2.142925,7889.485094
W3_P2,11,0.885783,1,3.9,9.3,31.36,40.66,17.715663,17.715663,1.328675,0.0,-0.0,0.0,0.0,0.0,2.657349,9589.773012
W3_P2,12,1.0,1,3.2598,9.012,35.84,44.852,20.0,20.0,1.5,0.0922,0.0,0.0,0.0,0.0,3.0,10655.6
W3_P2,13,1.0,1,2.6898,10.704,37.12,47.824,20.0,20.0,1.5,3.6342,0.0,0.08298,0.0,0.0,3.0,11063.0
W3_P2,14,1.0,1,3.63,10.604,32.0,42.604,20.0,20.0,1.5,0.0,2.526,3.353594,0.0,0.0,3.0,10433.6
W3_P2,15,0.886971,1,3.8202,14.552,25.6,40.152,17.739412,17.739412,1.330456,0.0,0.477479,0.54022,0.0,0.0,2.660912,9692.313791
W3_P2,16,0.702988,1,3.75,13.724,19.2,32.924,14.059759,14.059759,1.054482,0.0,0.0,0.008608,0.0,0.0,2.108964,7879.648723
W3_P2,17,0.45321,1,3.1398,12.348,9.6,21.948,9.064193,9.064193,0.679814,0.0,0.0,0.00859,0.0,0.0,1.359629,5271.607822
W3_P2,18,0.307036,1,2.61,12.152,3.2,15.352,6.140723,6.140723,0.460554,0.0,0.0,0.008573,0.0,0.0,0.921108,3742.901831
W3_P2,19,0.171475,1,2.1198,9.236,0.0,9.236,3.429494,3.429494,0.257212,0.0,0.0,0.008556,0.0,0.0,0.514424,2243.287918
W3_P2,20,0.129349,1,1.86,7.228,0.0,7.228,2.586988,2.586988,0.194024,0.0,0.0,0.008539,0.0,0.0,0.388048,1731.335036
W3_P2,21,0.111369,1,1.6302,6.252,0.0,6.252,2.227373,2.227373,0.167053,0.0,0.0,0.008522,0.0,0.0,0.334106,1494.97748
W3_P2,22,0.11788,1,1.56,6.452,0.0,6.452,2.35759,2.35759,0.176819,0.0,0.0,0.008505,0.0,0.0,0.353639,1557.551229
W3_P2,23,0.156429,1,1.4802,7.972,0.0,7.972,3.128578,3.128578,0.234643,0.0,0.0,0.008488,0.0,0.0,0.469287,1978.413865
W3_P3,0,0.253836,1,1.3698,11.904,0.0,11.904,5.076723,5.076723,0.380754,0.0,0.0,0.0,0.0,0.0,0.761508,3055.542231
W3_P3,1,0.296005,1,1.0998,13.384,0.0,13.384,5.920096,5.920096,0.444007,0.0,0.0,0.0,0.0,0.0,0.888014,3488.512111
W3_P3,2,0.324535,1,0.7998,14.268,0.0,14.268,6.490699,6.490699,0.486802,0.0,0.0,0.0,0.0,0.0,0.973605,3763.848304
W3_P3,3,0.35494,1,0.99,15.72,0.0,15.72,7.098795,7.098795,0.53241,0.0,0.0,0.0,0.0,0.0,1.064819,4133.763614
W3_P3,4,0.335128,1,1.1802,15.088,0.0,15.088,6.702554,6.702554,0.502692,0.0,0.0,0.0,0.0,0.0,1.005383,3939.843937
W3_P3,5,0.285441,1,1.6302,13.476,0.0,13.476,5.708819,5.708819,0.428161,0.0,0.0,0.0,0.0,0.0,0.856323,3449.461142
W3_P3,6,0.273055,1,2.5002,13.832,0.0,13.832,5.461108,5.461108,0.409583,0.0,0.0,0.0,0.0,0.0,0.819166,3440.896275
W3_P3,7,0.257104,1,3.3702,12.76,1.28,14.04,5.142072,5.142072,0.385655,0.0,0.0,0.0,0.0,0.0,0.771311,3353.889383
W3_P3,8,0.238607,1,4.0098,10.712,3.2,13.912,4.772145,4.772145,0.357911,0.0,0.0,0.0,0.0,0.0,0.715822,3184.551966
W3_P3,9,0.309301,1,4.2,11.916,5.12,17.036,6.186024,6.186024,0.463952,0.0,0.0,0.0,0.0,0.0,0.927904,3949.233928
W3_P3,10,0.297923,1,4.1202,8.804,7.68,16.484,5.958458,5.958458,0.446884,0.0,0.0,0.0,0.0,0.0,0.893769,3732.708227
W3_P3,11,0.407711,1,3.9,9.3,11.52,20.82,8.154217,8.154217,0.611566,0.0,0.0,0.0,0.0,0.0,1.223133,4817.177349
W3_P3,12,0.477884,1,3.2598,9.012,14.08,23.092,9.557687,9.557687,0.716827,0.0,0.0,0.0,0.0,0.0,1.433653,5432.25534
W3_P3,13,0.53239,1,2.6898,10.704,14.08,24.784,10.647807,10.647807,0.798586,0.0,0.0,0.0,0.0,0.0,1.597171,5958.748978
W3_P3,14,0.445639,1,3.63,10.604,11.52,22.124,8.912771,8.912771,0.668458,0.0,0.0,0.0,0.0,0.0,1.336916,5202.529687
W3_P3,15,0.428236,1,3.8202,14.552,7.04,21.592,8.564723,8.564723,0.642354,0.0,0.0,0.0,0.0,0.0,1.284708,5170.065431
W3_P3,16,0.363711,1,3.75,13.724,5.12,18.844,7.274217,7.274217,0.545566,0.0,0.0,0.0,0.0,0.0,1.091133,4492.645349
W3_P3,17,0.298993,1,3.1398,12.348,3.2,15.548,5.979855,5.979855,0.448489,0.0,0.0,0.0,0.0,0.0,0.896978,3732.060834
W3_P3,18,0.260771,1,2.61,12.152,1.28,13.432,5.215422,5.215422,0.391157,0.0,0.0,0.0,0.0,0.0,0.782313,3281.037735
W3_P3,19,0.171475,1,2.1198,9.236,0.0,9.236,3.429494,3.429494,0.257212,0.0,0.0,0.0,0.0,0.0,0.514424,2243.287918
W3_P3,20,0.129349,1,1.86,7.228,0.0,7.228,2.586988,2.586988,0.194024,0.0,0.0,0.0,0.0,0.0,0.388048,1731.335036
W3_P3,21,0.111369,1,1.6302,6.252,0.0,6.252,2.227373,2.227373,0.167053,0.0,0.0,0.0,0.0,0.0,0.334106,1494.97748
W3_P3,22,0.11788,1,1.56,6.452,0.0,6.452,2.35759,2.35759,0.176819,0.0,0.0,0.0,0.0,0.0,0.353639,1557.551229
W3_P3,23,0.156429,1,1.4802,7.972,0.0,7.972,3.128578,3.128578,0.234643,0.0,0.0,0.0,0.0,0.0,0.469287,1978.413865
W3_P4,0,0.253836,1,1.3698,11.904,0.0,11.904,5.076723,5.076723,0.380754,0.0,0.0,0.0,0.0,0.0,0.761508,3055.542231
W3_P4,1,0.296005,1,1.0998,13.384,0.0,13.384,5.920096,5.920096,0.444007,0.0,0.0,0.0,0.0,0.0,0.888014,3488.512111
W3_P4,2,0.324535,1,0.7998,14.268,0.0,14.268,6.490699,6.490699,0.486802,0.0,0.0,0.0,0.0,0.0,0.973605,3763.848304
W3_P4,3,0.35494,1,0.99,15.72,0.0,15.72,7.098795,7.098795,0.53241,0.0,0.0,0.0,0.0,0.0,1.064819,4133.763614
W3_P4,4,0.335128,1,1.1802,15.088,0.0,15.088,6.702554,6.702554,0.502692,0.0,0.0,0.0,0.0,0.0,1.005383,3939.843937
W3_P4,5,0.285441,1,1.6302,13.476,0.0,13.476,5.708819,5.708819,0.428161,0.0,0.0,0.0,0.0,0.0,0.856323,3449.461142
W3_P4,6,0.273055,1,2.5002,13.832,0.0,13.832,5.461108,5.461108,0.409583,0.0,0.0,0.0,0.0,0.0,0.819166,3440.896275
W3_P4,7,0.22626,1,3.3702,12.76,0.0,12.76,4.525205,4.525205,0.33939,0.0,0.0,0.0,0.0,0.0,0.678781,3045.979986
W3_P4,8,0.161499,1,4.0098,10.712,0.0,10.712,3.229976,3.229976,0.242248,0.0,0.0,0.0,0.0,0.0,0.484496,2414.778472
W3_P4,9,0.185928,1,4.2,11.916,0.0,11.916,3.718554,3.718554,0.278892,0.0,0.0,0.0,0.0,0.0,0.557783,2717.596337
W3_P4,10,0.112863,1,4.1202,8.804,0.0,8.804,2.257253,2.257253,0.169294,0.0,0.0,0.0,0.0,0.0,0.338588,1885.251841
W3_P4,11,0.160964,1,3.9,9.3,1.28,10.58,3.219277,3.219277,0.241446,0.0,0.0,0.0,0.0,0.0,0.482892,2353.902169
W3_P4,12,0.261981,1,3.2598,9.012,5.12,14.132,5.239614,5.239614,0.392971,0.0,0.0,0.0,0.0,0.0,0.785942,3276.889557
W3_P4,13,0.378173,1,2.6898,10.704,7.68,18.384,7.56347,7.56347,0.56726,0.0,0.0,0.0,0.0,0.0,1.13452,4419.20199
W3_P4,14,0.291422,1,3.63,10.604,5.12,15.724,5.828434,5.828434,0.437133,0.0,0.0,0.0,0.0,0.0,0.874265,3662.982699
W3_P4,15,0.289441,1,3.8202,14.552,1.28,15.832,5.788819,5.788819,0.434161,0.0,0.0,0.0,0.0,0.0,0.868323,3784.473142
W3_P4,16,0.240337,1,3.75,13.724,0.0,13.724,4.806747,4.806747,0.360506,0.0,0.0,0.0,0.0,0.0,0.721012,3261.007759
W3_P4,17,0.221884,1,3.1398,12.348,0.0,12.348,4.437687,4.437687,0.332827,0.0,0.0,0.0,0.0,0.0,0.665653,2962.28734
W3_P4,18,0.229928,1,2.61,12.152,0.0,12.152,4.598554,4.598554,0.344892,0.0,0.0,0.0,0.0,0.0,0.689783,2973.128337
W3_P4,19,0.171475,1,2.1198,9.236,0.0,9.236,3.429494,3.429494,0.257212,0.0,0.0,0.0,0.0,0.0,0.514424,2243.287918
W3_P4,20,0.129349,1,1.86,7.228,0.0,7.228,2.586988,2.586988,0.194024,0.0,0.0,0.0,0.0,0.0,0.388048,1731.335036
W3_P4,21,0.111369,1,1.6302,6.252,0.0,6.252,2.227373,2.227373,0.167053,0.0,0.0,0.0,0.0,0.0,0.334106,1494.97748
W3_P4,22,0.11788,1,1.56,6.452,0.0,6.452,2.35759,2.35759,0.176819,0.0,0.0,0.0,0.0,0.0,0.353639,1557.551229
W3_P4,23,0.156429,1,1.4802,7.972,0.0,7.972,3.128578,3.128578,0.234643,0.0,0.0,0.0,0.0,0.0,0.469287,1978.413865
W4_P1,0,0.292198,1,1.3698,13.496,0.0,13.496,5.843952,5.843952,0.438296,0.0,0.0,0.009655,0.0,0.0,0.876593,3486.264545
W4_P1,1,0.312872,1,1.0998,14.084,0.0,14.084,6.257446,6.257446,0.469308,0.0,0.0,0.009635,0.0,0.0,0.938617,3677.900063
W4_P1,2,0.296198,1,0.7998,13.092,0.0,13.092,5.923952,5.923952,0.444296,0.0,0.0,0.009616,0.0,0.0,0.888593,3445.676545
W4_P1,3,0.46212,1,0.99,20.168,0.0,20.168,9.24241,9.24241,0.693181,0.0,0.0,0.009597,0.0,0.0,1.386361,5337.188771
W4_P1,4,0.436043,1,1.1802,19.276,0.0,19.276,8.720867,8.720867,0.654065,0.0,0.0,0.009578,0.0,0.0,1.30813,5072.924998
W4_P1,5,0.516863,1,1.6302,23.08,0.0,23.08,10.337253,10.337253,0.775294,0.0,0.0,0.009558,0.0,0.0,1.550588,6047.863841
W4_P1,6,0.962515,1,2.5002,28.356,14.08,42.436,19.250298,19.250298,1.443772,0.0,0.008568,0.009539,0.0,0.0,2.887545,10758.462027
W4_P1,7,1.0,1,3.3702,26.36,25.6,51.96,20.0,20.0,1.5,7.0898,0.0,0.0,0.0,0.0,3.0,12029.0
W4_P1,8,1.0,1,4.0098,25.076,37.12,62.196,20.0,20.0,1.5,16.6862,0.0,6.38082,0.0,0.0,3.0,13218.8
W4_P1,9,1.0,1,4.2,22.112,46.08,68.192,20.0,20.0,1.5,22.492,0.0,21.385638,0.0,0.0,3.0,13849.4
W4_P1,10,1.0,1,4.1202,8.996,52.48,61.476,20.0,20.0,1.5,15.8558,0.0,41.585667,0.0,0.0,3.0,12650.0
W4_P1,11,1.0,1,3.9,7.652,55.04,62.692,20.0,20.0,1.5,17.292,0.0,55.772716,0.0,0.0,3.0,12755.6
W4_P1,12,1.0,1,3.2598,10.816,56.32,67.136,20.0,20.0,1.5,22.3762,0.0,71.22397,0.0,0.0,3.0,13383.8
W4_P1,13,1.0,1,2.6898,10.952,56.32,67.272,20.0,20.0,1.5,23.0822,0.0,91.220102,0.0,0.0,3.0,13404.2
W4_P1,14,1.0,1,3.63,15.152,52.48,67.632,20.0,20.0,1.5,22.502,0.0,111.811642,0.0,0.0,3.0,13573.4
W4_P1,15,1.0,1,3.8202,21.66,44.8,66.46,20.0,20.0,1.5,21.1398,0.0,131.839819,0.0,0.0,3.0,13628.0
W4_P1,16,1.0,1,3.75,17.16,33.28,50.44,20.0,20.0,1.5,5.190737,0.000737,150.601959,0.0,0.0,3.0,11570.6
W4_P1,17,1.0,1,3.1398,16.612,24.32,40.932,20.0,20.0,1.5,0.0,3.7078,154.9716,0.0,0.0,3.0,10413.2
W4_P1,18,1.0,1,2.61,15.328,11.52,26.848,20.0,20.0,1.5,0.0,17.262,150.541879,0.0,0.0,3.0,8684.6
W4_P1,19,1.0,1,2.1198,9.416,0.0,9.416,20.0,20.0,1.5,0.0,34.2038,131.060795,0.0,0.0,3.0,6415.4
W4_P1,20,1.0,1,1.86,8.808,0.0,8.808,20.0,20.0,1.5,0.0,34.552,92.794451,0.0,0.0,3.0,6324.2
W4_P1,21,1.0,1,1.6302,5.216,0.0,5.216,20.0,20.0,1.5,0.0,37.9142,54.217751,0.0,0.0,3.0,5785.4
W4_P1,22,0.369781,1,1.56,6.152,0.0,6.152,7.395619,7.395619,0.554671,0.0,10.753909,11.982427,0.0,0.0,1.109343,2772.81407
W4_P1,23,0.168284,1,1.4802,8.464,0.0,8.464,3.365687,3.365687,0.252427,0.0,0.0,0.009674,0.0,0.0,0.504853,2111.52654
W4_P2,0,0.292198,1,1.3698,13.496,0.0,13.496,5.843952,5.843952,0.438296,0.0,-0.0,0.0,0.0,0.0,0.876593,3486.264545
W4_P2,1,0.312872,1,1.0998,14.084,0.0,14.084,6.257446,6.257446,0.469308,0.0,-0.0,0.0,0.0,0.0,0.938617,3677.900063
W4_P2,2,0.296198,1,0.7998,13.092,0.0,13.092,5.923952,5.923952,0.444296,0.0,-0.0,0.0,0.0,0.0,0.888593,3445.676545
W4_P2,3,0.46212,1,0.99,20.168,0.0,20.168,9.24241,9.24241,0.693181,0.0,-0.0,0.0,0.0,0.0,1.386361,5337.188771
W4_P2,4,0.436043,1,1.1802,19.276,0.0,19.276,8.720867,8.720867,0.654065,0.0,-0.0,0.0,0.0,0.0,1.30813,5072.924998
W4_P2,5,0.516863,1,1.6302,23.08,0.0,23.08,10.337253,10.337253,0.775294,0.0,-0.0,0.0,0.0,0.0,1.550588,6047.863841
W4_P2,6,0.623031,1,2.5002,28.356,0.0,28.356,12.460627,12.460627,0.934547,0.0,-0.0,0.0,0.0,0.0,1.869094,7370.42572
W4_P2,7,0.63108,1,3.3702,26.36,3.2,29.56,12.62159,12.62159,0.946619,0.0,-0.0,0.0,0.0,0.0,1.893239,7495.290829
W4_P2,8,0.769788,1,4.0098,25.076,10.88,35.956,15.395759,15.395759,1.154682,0.0,-0.0,0.0,0.0,0.0,2.309364,8918.249123
W4_P2,9,0.863422,1,4.2,22.112,17.92,40.032,17.268434,17.268434,1.295133,0.0,-0.0,0.0,0.0,0.0,2.590265,9786.898699
W4_P2,10,0.718935,1,4.1202,8.996,24.96,33.956,14.378699,14.378699,1.078402,0.0,-0.0,0.0,0.0,0.0,2.156805,7941.431504
W4_P2,11,0.846072,1,3.9,7.652,31.36,39.012,16.921446,16.921446,1.269108,0.0,-0.0,0.0,0.0,0.0,2.538217,9143.899663
W4_P2,12,1.0,1,3.2598,10.816,35.84,46.656,20.0,20.0,1.5,1.8962,0.0,0.0,0.0,0.0,3.0,10926.2
W4_P2,13,1.0,1,2.6898,10.952,37.12,48.072,20.0,20.0,1.5,3.8822,0.0,1.70658,0.0,0.0,3.0,11100.2
W4_P2,14,1.0,1,3.63,15.152,32.0,47.152,20.0,20.0,1.5,2.022,0.0,5.197147,0.0,0.0,3.0,11115.8
W4_P2,15,1.0,1,3.8202,21.66,25.6,47.26,20.0,20.0,1.5,1.9398,0.0,7.006553,0.0,0.0,3.0,11324.0
W4_P2,16,0.9609,1,3.75,17.16,19.2,36.36,19.217992,19.217992,1.441349,0.0,7.267333,8.738359,0.0,0.0,2.882699,9685.380637
W4_P2,17,0.555957,1,3.1398,16.612,9.6,26.212,11.119133,11.119133,0.833935,0.0,0.0,0.646068,0.0,0.0,1.66787,6425.251002
W4_P2,18,0.383566,1,2.61,15.328,3.2,18.528,7.671325,7.671325,0.575349,0.0,0.0,0.644776,0.0,0.0,1.150699,4602.182024
W4_P2,19,0.175812,1,2.1198,9.416,0.0,9.416,3.516241,3.516241,0.263718,0.0,0.0,0.643487,0.0,0.0,0.527436,2291.987677
W4_P2,20,0.167422,1,1.86,8.808,0.0,8.808,3.348434,3.348434,0.251133,0.0,0.0,0.6422,0.0,0.0,0.502265,2158.810699
W4_P2,21,0.1,1,1.6302,5.216,0.0,5.216,2.0,2.0,0.15,0.0,0.5642,0.640915,0.0,0.0,0.3,1282.7
W4_P2,22,0.110926,1,1.56,6.152,0.0,6.152,2.218529,2.218529,0.16639,0.0,0.011447,0.012745,0.0,0.0,0.332779,1477.764974
W4_P2,23,0.168284,1,1.4802,8.464,0.0,8.464,3.365687,3.365687,0.252427,0.0,-0.0,0.0,0.0,0.0,0.504853,2111.52654
W4_P3,0,0.292198,1,1.3698,13.496,0.0,13.496,5.843952,5.843952,0.438296,0.0,0.0,-0.0,0.0,0.0,0.876593,3486.264545
W4_P3,1,0.312872,1,1.0998,14.084,0.0,14.084,6.257446,6.257446,0.469308,0.0,0.0,-0.0,0.0,0.0,0.938617,3677.900063
W4_P3,2,0.296198,1,0.7998,13.092,0.0,13.092,5.923952,5.923952,0.444296,0.0,0.0,-0.0,0.0,0.0,0.888593,3445.676545
W4_P3,3,0.46212,1,0.99,20.168,0.0,20.168,9.24241,9.24241,0.693181,0.0,0.0,-0.0,0.0,0.0,1.386361,5337.188771
W4_P3,4,0.436043,1,1.1802,19.276,0.0,19.276,8.720867,8.720867,0.654065,0.0,0.0,-0.0,0.0,0.0,1.30813,5072.924998
W4_P3,5,0.516863,1,1.6302,23.08,0.0,23.08,10.337253,10.337253,0.775294,0.0,0.0,-0.0,0.0,0.0,1.550588,6047.863841
W4_P3,6,0.623031,1,2.5002,28.356,0.0,28.356,12.460627,12.460627,0.934547,0.0,0.0,-0.0,0.0,0.0,1.869094,7370.42572
W4_P3,7,0.584814,1,3.3702,26.36,1.28,27.64,11.696289,11.696289,0.877222,0.0,0.0,-0.0,0.0,0.0,1.754443,7033.426733
W4_P3,8,0.584728,1,4.0098,25.076,3.2,28.276,11.694554,11.694554,0.877092,0.0,0.0,-0.0,0.0,0.0,1.754183,7070.792737
W4_P3,9,0.554988,1,4.2,22.112,5.12,27.232,11.099759,11.099759,0.832482,0.0,0.0,-0.0,0.0,0.0,1.664964,6707.804723
W4_P3,10,0.302549,1,4.1202,8.996,7.68,16.676,6.050988,6.050988,0.453824,0.0,0.0,-0.0,0.0,0.0,0.907648,3784.654636
W4_P3,11,0.368,1,3.9,7.652,11.52,19.172,7.36,7.36,0.552,0.0,0.0,-0.0,0.0,0.0,1.104,4371.304
W4_P3,12,0.521354,1,3.2598,10.816,14.08,24.896,10.427084,10.427084,0.782031,0.0,0.0,-0.0,0.0,0.0,1.564063,5920.335147
W4_P3,13,0.538366,1,2.6898,10.952,14.08,25.032,10.767325,10.767325,0.807549,0.0,0.0,-0.0,0.0,0.0,1.615099,6025.846424
W4_P3,14,0.555229,1,3.63,15.152,11.52,26.672,11.104578,11.104578,0.832843,0.0,0.0,-0.0,0.0,0.0,1.665687,6433.010265
W4_P3,15,0.599513,1,3.8202,21.66,7.04,28.7,11.990265,11.990265,0.89927,0.0,0.0,-0.0,0.0,0.0,1.79854,7093.164805
W4_P3,16,0.446506,1,3.75,17.16,5.12,22.28,8.93012,8.93012,0.669759,0.0,0.0,-0.0,0.0,0.0,1.339518,5422.269639
W4_P3,17,0.40174,1,3.1398,16.612,3.2,19.812,8.034795,8.034795,0.60261,0.0,0.0,-0.0,0.0,0.0,1.205219,4885.704014
W4_P3,18,0.337301,1,2.61,15.328,1.28,16.608,6.746024,6.746024,0.505952,0.0,0.0,-0.0,0.0,0.0,1.011904,4140.317928
W4_P3,19,0.175812,1,2.1198,9.416,0.0,9.416,3.516241,3.516241,0.263718,0.0,0.0,-0.0,0.0,0.0,0.527436,2291.987677
W4_P3,20,0.150604,1,1.86,8.808,0.0,8.808,3.012078,3.012078,0.225906,0.697939,0.0,-0.0,0.0,0.0,0.451812,2074.671199
W4_P3,21,0.1,1,1.6302,5.216,0.0,5.216,2.0,2.0,0.15,0.0,0.5642,0.628145,0.0,0.0,0.3,1282.7
W4_P3,22,0.110651,1,1.56,6.152,0.0,6.152,2.213012,2.213012,0.165976,0.0,0.0,0.0,0.0,0.0,0.331952,1476.384964
W4_P3,23,0.168284,1,1.4802,8.464,0.0,8.464,3.365687,3.365687,0.252427,0.0,0.0,-0.0,0.0,0.0,0.504853,2111.52654
W4_P4,0,0.292198,1,1.3698,13.496,0.0,13.496,5.843952,5.843952,0.438296,0.0,0.0,-0.0,0.0,0.0,0.876593,3486.264545
W4_P4,1,0.312872,1,1.0998,14.084,0.0,14.084,6.257446,6.257446,0.469308,0.0,0.0,-0.0,0.0,0.0,0.938617,3677.900063
W4_P4,2,0.296198,1,0.7998,13.092,0.0,13.092,5.923952,5.923952,0.444296,0.0,0.0,-0.0,0.0,0.0,0.888593,3445.676545
W4_P4,3,0.46212,1,0.99,20.168,0.0,20.168,9.24241,9.24241,0.693181,0.0,0.0,-0.0,0.0,0.0,1.386361,5337.188771
W4_P4,4,0.436043,1,1.1802,19.276,0.0,19.276,8.720867,8.720867,0.654065,0.0,0.0,-0.0,0.0,0.0,1.30813,5072.924998
W4_P4,5,0.516863,1,1.6302,23.08,0.0,23.08,10.337253,10.337253,0.775294,0.0,0.0,-0.0,0.0,0.0,1.550588,6047.863841
W4_P4,6,0.623031,1,2.5002,28.356,0.0,28.356,12.460627,12.460627,0.934547,0.0,0.0,-0.0,0.0,0.0,1.869094,7370.42572
W4_P4,7,0.553971,1,3.3702,26.36,0.0,26.36,11.079422,11.079422,0.830957,0.0,0.0,-0.0,0.0,0.0,1.661913,6725.517335
W4_P4,8,0.507619,1,4.0098,25.076,0.0,25.076,10.152386,10.152386,0.761429,0.0,0.0,-0.0,0.0,0.0,1.522858,6301.019243
W4_P4,9,0.431614,1,4.2,22.112,0.0,22.112,8.632289,8.632289,0.647422,0.0,0.0,-0.0,0.0,0.0,1.294843,5476.167133
W4_P4,10,0.117489,1,4.1202,8.996,0.0,8.996,2.349783,2.349783,0.176234,0.0,0.0,-0.0,0.0,0.0,0.352467,1937.198251
W4_P4,11,0.121253,1,3.9,7.652,1.28,8.932,2.42506,2.42506,0.18188,0.0,0.0,-0.0,0.0,0.0,0.363759,1908.028819
W4_P4,12,0.305451,1,3.2598,10.816,5.12,15.936,6.109012,6.109012,0.458176,0.0,0.0,-0.0,0.0,0.0,0.916352,3764.969364
W4_P4,13,0.384149,1,2.6898,10.952,7.68,18.632,7.682988,7.682988,0.576224,0.0,0.0,-0.0,0.0,0.0,1.152448,4486.299436
W4_P4,14,0.401012,1,3.63,15.152,5.12,20.272,8.020241,8.020241,0.601518,0.0,0.0,-0.0,0.0,0.0,1.203036,4893.463277
W4_P4,15,0.460718,1,3.8202,21.66,1.28,22.94,9.214361,9.214361,0.691077,0.0,0.0,-0.0,0.0,0.0,1.382154,5707.572516
W4_P4,16,0.323133,1,3.75,17.16,0.0,17.16,6.462651,6.462651,0.484699,0.0,0.0,-0.0,0.0,0.0,0.969398,4190.632048
W4_P4,17,0.324631,1,3.1398,16.612,0.0,16.612,6.492627,6.492627,0.486947,0.0,0.0,-0.0,0.0,0.0,0.973894,4115.93052
W4_P4,18,0.306458,1,2.61,15.328,0.0,15.328,6.129157,6.129157,0.459687,0.0,0.0,-0.0,0.0,0.0,0.919373,3832.40853
W4_P4,19,0.175812,1,2.1198,9.416,0.0,9.416,3.516241,3.516241,0.263718,0.0,0.0,-0.0,0.0,0.0,0.527436,2291.987677
W4_P4,20,0.150604,1,1.86,8.808,0.0,8.808,3.012078,3.012078,0.225906,0.697939,0.0,-0.0,0.0,0.0,0.451812,2074.671199
W4_P4,21,0.1,1,1.6302,5.216,0.0,5.216,2.0,2.0,0.15,0.0,0.5642,0.628145,0.0,0.0,0.3,1282.7
W4_P4,22,0.110651,1,1.56,6.152,0.0,6.152,2.213012,2.213012,0.165976,0.0,0.0,0.0,0.0,0.0,0.331952,1476.384964
W4_P4,23,0.168284,1,1.4802,8.464,0.0,8.464,3.365687,3.365687,0.252427,0.0,0.0,-0.0,0.0,0.0,0.504853,2111.52654
W5_P1,0,0.202559,1,1.3698,9.776,0.0,9.776,4.051181,4.051181,0.303839,0.0,0.0,0.019194,0.0,0.0,0.607677,2479.802858
W5_P1,1,0.299215,1,1.0998,13.5,0.0,13.5,5.984292,5.984292,0.448822,0.0,0.017205,0.019155,0.0,0.0,0.897644,3521.970571
W5_P1,2,0.351619,1,0.7998,15.392,0.0,15.392,7.032386,7.032386,0.527429,0.0,-0.0,0.0,0.0,0.0,1.054858,4067.951243
W5_P1,3,0.296916,1,0.99,13.312,0.0,13.312,5.938313,5.938313,0.445373,0.0,-0.0,0.0,0.0,0.0,0.890747,3482.26906
W5_P1,4,0.336477,1,1.1802,15.144,0.0,15.144,6.729542,6.729542,0.504716,0.0,-0.0,0.0,0.0,0.0,1.009431,3954.994973
W5_P1,5,0.305682,1,1.6302,14.316,0.0,14.316,6.113639,6.113639,0.458523,0.0,0.0,0.0,0.0,0.0,0.917046,3676.726684
W5_P1,6,0.7092,1,2.5002,17.852,14.08,31.932,14.184,14.184,1.0638,0.0,0.0,-0.0,0.0,0.0,2.1276,7915.5276
W5_P1,7,0.767658,1,3.3702,9.628,25.6,35.228,15.353157,15.353157,1.151487,0.0,0.0,-0.0,0.0,0.0,2.302973,8356.79213
W5_P1,8,1.0,1,4.0098,22.324,37.12,59.444,20.0,20.0,1.5,13.9342,0.0,-0.0,0.0,0.0,3.0,12806.0
W5_P1,9,1.0,1,4.2,20.928,46.08,67.008,20.0,20.0,1.5,21.308,0.0,12.54078,0.0,0.0,3.0,13671.8
W5_P1,10,1.0,1,4.1202,15.996,52.48,68.476,20.0,20.0,1.5,22.8558,0.0,31.692898,0.0,0.0,3.0,13700.0
W5_P1,11,1.0,1,3.9,14.328,55.04,69.368,20.0,20.0,1.5,23.968,0.0,52.199733,0.0,0.0,3.0,13757.0
W5_P1,12,1.0,1,3.2598,12.74,56.32,69.06,20.0,20.0,1.5,24.3002,0.0,73.666533,0.0,0.0,3.0,13672.4
W5_P1,13,1.0,1,2.6898,12.812,56.32,69.132,20.0,20.0,1.5,24.9422,0.0,95.38938,0.0,0.0,3.0,13683.2
W5_P1,14,1.0,1,3.63,8.256,52.48,60.736,20.0,20.0,1.5,15.606,0.0,117.646581,0.0,0.0,3.0,12539.0
W5_P1,15,1.0,1,3.8202,8.556,44.8,53.356,20.0,20.0,1.5,8.0358,0.0,131.456688,0.0,0.0,3.0,11662.4
W5_P1,16,1.0,1,3.75,15.664,33.28,48.944,20.0,20.0,1.5,3.694,0.0,138.425995,0.0,0.0,3.0,11346.2
W5_P1,17,1.0,1,3.1398,8.372,24.32,32.692,20.0,20.0,1.5,0.0,11.9478,141.473743,0.0,0.0,3.0,9177.2
W5_P1,18,1.0,1,2.61,7.872,11.52,19.392,20.0,20.0,1.5,0.0,24.718,127.915462,0.0,0.0,3.0,7566.2
W5_P1,19,1.0,1,2.1198,11.176,0.0,11.176,20.0,20.0,1.5,0.0,32.4438,100.195187,0.0,0.0,3.0,6679.4
W5_P1,20,1.0,1,1.86,9.884,0.0,9.884,20.0,20.0,1.5,0.0,33.476,63.94613,0.0,0.0,3.0,6485.6
W5_P1,21,0.753854,1,1.6302,9.02,0.0,9.02,15.077084,15.077084,1.130781,0.0,23.895149,26.622682,0.0,0.0,2.261563,5124.532544
W5_P1,22,0.111904,1,1.56,6.204,0.0,6.204,2.238072,2.238072,0.167855,0.0,0.0,0.019271,0.0,0.0,0.335711,1490.453783
W5_P1,23,0.372236,1,1.4802,16.928,0.0,16.928,7.444723,7.444723,0.558354,0.0,0.0,0.019232,0.0,0.0,1.116708,4401.497431
W5_P2,0,0.202559,1,1.3698,9.776,0.0,9.776,4.051181,4.051181,0.303839,0.0,0.0,0.003224,0.0,0.0,0.607677,2479.802858
W5_P2,1,0.2988,1,1.0998,13.5,0.0,13.5,5.976,5.976,0.4482,0.0,0.0,0.003218,0.0,0.0,0.8964,3519.8964
W5_P2,2,0.351619,1,0.7998,15.392,0.0,15.392,7.032386,7.032386,0.527429,0.0,0.0,0.003211,0.0,0.0,1.054858,4067.951243
W5_P2,3,0.296916,1,0.99,13.312,0.0,13.312,5.938313,5.938313,0.445373,0.0,0.0,0.003205,0.0,0.0,0.890747,3482.26906
W5_P2,4,0.336477,1,1.1802,15.144,0.0,15.144,6.729542,6.729542,0.504716,0.0,0.0,0.003199,0.0,0.0,1.009431,3954.994973
W5_P2,5,0.305682,1,1.6302,14.316,0.0,14.316,6.113639,6.113639,0.458523,0.0,0.0,0.003192,0.0,0.0,0.917046,3676.726684
W5_P2,6,0.369923,1,2.5002,17.852,0.0,17.852,7.398458,7.398458,0.554884,0.0,0.0,0.003186,0.0,0.0,1.109769,4528.524227
W5_P2,7,0.227899,1,3.3702,9.628,3.2,12.828,4.557976,4.557976,0.341848,0.0,0.0,0.003179,0.0,0.0,0.683696,2968.377672
W5_P2,8,0.703475,1,4.0098,22.324,10.88,33.204,14.069494,14.069494,1.055212,0.0,0.0,0.003173,0.0,0.0,2.110424,8173.683918
W5_P2,9,0.834892,1,4.2,20.928,17.92,38.848,16.697831,16.697831,1.252337,0.0,0.0,0.003167,0.0,0.0,2.504675,9466.562506
W5_P2,10,0.88761,1,4.1202,15.996,24.96,40.956,17.752193,17.752193,1.331414,0.0,0.0,0.00316,0.0,0.0,2.662829,9835.311022
W5_P2,11,1.0,1,3.9,14.328,31.36,45.688,20.0,20.0,1.5,0.288,0.0,0.003154,0.0,0.0,3.0,10915.4
W5_P2,12,1.0,1,3.2598,12.74,35.84,48.58,20.0,20.0,1.5,3.8202,0.0,0.262348,0.0,0.0,3.0,11214.8
W5_P2,13,1.0,1,2.6898,12.812,37.12,49.932,20.0,20.0,1.5,5.7422,0.0,3.700003,0.0,0.0,3.0,11379.2
W5_P2,14,1.0,1,3.63,8.256,32.0,40.256,20.0,20.0,1.5,0.0,4.874,8.860583,0.0,0.0,3.0,10081.4
W5_P2,15,0.805091,1,3.8202,8.556,25.6,34.156,16.101811,16.101811,1.207636,0.0,3.075458,3.427306,0.0,0.0,2.415272,8383.268022
W5_P2,16,0.749735,1,3.75,15.664,19.2,34.864,14.994699,14.994699,1.124602,0.0,0.0,0.003276,0.0,0.0,2.249205,8404.523904
W5_P2,17,0.357402,1,3.1398,8.372,9.6,17.972,7.148048,7.148048,0.536104,0.0,0.0,0.00327,0.0,0.0,1.072207,4195.884255
W5_P2,18,0.203904,1,2.61,7.872,3.2,11.072,4.078072,4.078072,0.305855,0.0,0.0,0.003263,0.0,0.0,0.611711,2584.929783
W5_P2,19,0.218222,1,2.1198,11.176,0.0,11.176,4.364434,4.364434,0.327333,0.0,0.0,0.003257,0.0,0.0,0.654665,2768.163099
W5_P2,20,0.193349,1,1.86,9.884,0.0,9.884,3.866988,3.866988,0.290024,0.0,0.0,0.00325,0.0,0.0,0.580048,2449.927036
W5_P2,21,0.178067,1,1.6302,9.02,0.0,9.02,3.561349,3.561349,0.267101,0.0,0.0,0.003244,0.0,0.0,0.534202,2243.871552
W5_P2,22,0.111904,1,1.56,6.204,0.0,6.204,2.238072,2.238072,0.167855,0.0,0.0,0.003237,0.0,0.0,0.335711,1490.453783
W5_P2,23,0.372236,1,1.4802,16.928,0.0,16.928,7.444723,7.444723,0.558354,0.0,0.0,0.003231,0.0,0.0,1.116708,4401.497431
W5_P3,0,0.202559,1,1.3698,9.776,0.0,9.776,4.051181,4.051181,0.303839,0.0,0.0,0.0,0.0,0.0,0.607677,2479.802858
W5_P3,1,0.2988,1,1.0998,13.5,0.0,13.5,5.976,5.976,0.4482,0.0,0.0,0.0,0.0,0.0,0.8964,3519.8964
W5_P3,2,0.351619,1,0.7998,15.392,0.0,15.392,7.032386,7.032386,0.527429,0.0,0.0,0.0,0.0,0.0,1.054858,4067.951243
W5_P3,3,0.296916,1,0.99,13.312,0.0,13.312,5.938313,5.938313,0.445373,0.0,0.0,0.0,0.0,0.0,0.890747,3482.26906
W5_P3,4,0.336477,1,1.1802,15.144,0.0,15.144,6.729542,6.729542,0.504716,0.0,0.0,0.0,0.0,0.0,1.009431,3954.994973
W5_P3,5,0.305682,1,1.6302,14.316,0.0,14.316,6.113639,6.113639,0.458523,0.0,0.0,0.0,0.0,0.0,0.917046,3676.726684
W5_P3,6,0.369923,1,2.5002,17.852,0.0,17.852,7.398458,7.398458,0.554884,0.0,0.0,0.0,0.0,0.0,1.109769,4528.524227
W5_P3,7,0.181634,1,3.3702,9.628,1.28,10.908,3.632675,3.632675,0.272451,0.0,0.0,0.0,0.0,0.0,0.544901,2506.513576
W5_P3,8,0.518414,1,4.0098,22.324,3.2,25.524,10.368289,10.368289,0.777622,0.0,0.0,0.0,0.0,0.0,1.555243,6326.227533
W5_P3,9,0.526458,1,4.2,20.928,5.12,26.048,10.529157,10.529157,0.789687,0.0,0.0,0.0,0.0,0.0,1.579373,6387.46853
W5_P3,10,0.471224,1,4.1202,15.996,7.68,23.676,9.424482,9.424482,0.706836,0.0,0.0,0.0,0.0,0.0,1.413672,5678.534154
W5_P3,11,0.528867,1,3.9,14.328,11.52,25.848,10.577349,10.577349,0.793301,0.0,0.0,0.0,0.0,0.0,1.586602,6177.523952
W5_P3,12,0.567716,1,3.2598,12.74,14.08,26.82,11.354313,11.354313,0.851573,0.0,0.0,0.0,0.0,0.0,1.703147,6440.88146
W5_P3,13,0.583186,1,2.6898,12.812,14.08,26.892,11.663711,11.663711,0.874778,0.0,0.0,0.0,0.0,0.0,1.749557,6529.077267
W5_P3,14,0.38906,1,3.63,8.256,11.52,19.776,7.781205,7.781205,0.58359,0.0,0.0,0.0,0.0,0.0,1.167181,4567.268386
W5_P3,15,0.283754,1,3.8202,8.556,7.04,15.596,5.675084,5.675084,0.425631,0.0,0.0,0.0,0.0,0.0,0.851263,3547.822347
W5_P3,16,0.410458,1,3.75,15.664,5.12,20.784,8.209157,8.209157,0.615687,0.0,0.0,0.0,0.0,0.0,1.231373,5017.52053
W5_P3,17,0.203186,1,3.1398,8.372,3.2,11.572,4.063711,4.063711,0.304778,0.0,0.0,0.0,0.0,0.0,0.609557,2656.337267
W5_P3,18,0.157639,1,2.61,7.872,1.28,9.152,3.152771,3.152771,0.236458,0.0,0.0,0.0,0.0,0.0,0.472916,2123.065687
W5_P3,19,0.218222,1,2.1198,11.176,0.0,11.176,4.364434,4.364434,0.327333,0.0,0.0,0.0,0.0,0.0,0.654665,2768.163099
W5_P3,20,0.193349,1,1.86,9.884,0.0,9.884,3.866988,3.866988,0.290024,0.0,0.0,0.0,0.0,0.0,0.580048,2449.927036
W5_P3,21,0.178067,1,1.6302,9.02,0.0,9.02,3.561349,3.561349,0.267101,0.0,0.0,0.0,0.0,0.0,0.534202,2243.871552
W5_P3,22,0.111904,1,1.56,6.204,0.0,6.204,2.238072,2.238072,0.167855,0.0,0.0,0.0,0.0,0.0,0.335711,1490.453783
W5_P3,23,0.372236,1,1.4802,16.928,0.0,16.928,7.444723,7.444723,0.558354,0.0,0.0,0.0,0.0,0.0,1.116708,4401.497431
W5_P4,0,0.202559,1,1.3698,9.776,0.0,9.776,4.051181,4.051181,0.303839,0.0,0.0,0.0,0.0,0.0,0.607677,2479.802858
W5_P4,1,0.2988,1,1.0998,13.5,0.0,13.5,5.976,5.976,0.4482,0.0,0.0,0.0,0.0,0.0,0.8964,3519.8964
W5_P4,2,0.351619,1,0.7998,15.392,0.0,15.392,7.032386,7.032386,0.527429,0.0,0.0,0.0,0.0,0.0,1.054858,4067.951243
W5_P4,3,0.296916,1,0.99,13.312,0.0,13.312,5.938313,5.938313,0.445373,0.0,0.0,0.0,0.0,0.0,0.890747,3482.26906
W5_P4,4,0.336477,1,1.1802,15.144,0.0,15.144,6.729542,6.729542,0.504716,0.0,0.0,0.0,0.0,0.0,1.009431,3954.994973
W5_P4,5,0.305682,1,1.6302,14.316,0.0,14.316,6.113639,6.113639,0.458523,0.0,0.0,0.0,0.0,0.0,0.917046,3676.726684
W5_P4,6,0.369923,1,2.5002,17.852,0.0,17.852,7.398458,7.398458,0.554884,0.0,0.0,0.0,0.0,0.0,1.109769,4528.524227
W5_P4,7,0.15079,1,3.3702,9.628,0.0,9.628,3.015807,3.015807,0.226186,0.0,0.0,0.0,0.0,0.0,0.452371,2198.604178
W5_P4,8,0.441306,1,4.0098,22.324,0.0,22.324,8.82612,8.82612,0.661959,0.0,0.0,0.0,0.0,0.0,1.323918,5556.454039
W5_P4,9,0.403084,1,4.2,20.928,0.0,20.928,8.061687,8.061687,0.604627,0.0,0.0,0.0,0.0,0.0,1.209253,5155.83094
W5_P4,10,0.286164,1,4.1202,15.996,0.0,15.996,5.723277,5.723277,0.429246,0.0,0.0,0.0,0.0,0.0,0.858492,3831.077769
W5_P4,11,0.28212,1,3.9,14.328,1.28,15.608,5.64241,5.64241,0.423181,0.0,0.0,0.0,0.0,0.0,0.846361,3714.248771
W5_P4,12,0.351812,1,3.2598,12.74,5.12,17.86,7.036241,7.036241,0.527718,0.0,0.0,0.0,0.0,0.0,1.055436,4285.515677
W5_P4,13,0.428969,1,2.6898,12.812,7.68,20.492,8.579373,8.579373,0.643453,0.0,0.0,0.0,0.0,0.0,1.286906,4989.53028
W5_P4,14,0.234843,1,3.63,8.256,5.12,13.376,4.696867,4.696867,0.352265,0.0,0.0,0.0,0.0,0.0,0.70453,3027.721398
W5_P4,15,0.144959,1,3.8202,8.556,1.28,9.836,2.899181,2.899181,0.217439,0.0,0.0,0.0,0.0,0.0,0.434877,2162.230058
W5_P4,16,0.287084,1,3.75,15.664,0.0,15.664,5.741687,5.741687,0.430627,0.0,0.0,0.0,0.0,0.0,0.861253,3785.88294
W5_P4,17,0.126077,1,3.1398,8.372,0.0,8.372,2.521542,2.521542,0.189116,0.0,0.0,0.0,0.0,0.0,0.378231,1886.563773
W5_P4,18,0.126795,1,2.61,7.872,0.0,7.872,2.535904,2.535904,0.190193,0.0,0.0,0.0,0.0,0.0,0.380386,1815.156289
W5_P4,19,0.218222,1,2.1198,11.176,0.0,11.176,4.364434,4.364434,0.327333,0.0,0.0,0.0,0.0,0.0,0.654665,2768.163099
W5_P4,20,0.193349,1,1.86,9.884,0.0,9.884,3.866988,3.866988,0.290024,0.0,0.0,0.0,0.0,0.0,0.580048,2449.927036
W5_P4,21,0.178067,1,1.6302,9.02,0.0,9.02,3.561349,3.561349,0.267101,0.0,0.0,0.0,0.0,0.0,0.534202,2243.871552
W5_P4,22,0.111904,1,1.56,6.204,0.0,6.204,2.238072,2.238072,0.167855,0.0,0.0,0.0,0.0,0.0,0.335711,1490.453783
W5_P4,23,0.372236,1,1.4802,16.928,0.0,16.928,7.444723,7.444723,0.558354,0.0,0.0,0.0,0.0,0.0,1.116708,4401.497431
W6_P1,0,0.194655,1,1.3698,9.448,0.0,9.448,3.893108,3.893108,0.291983,0.0,-0.0,0.0,0.0,0.0,0.583966,2391.061075
W6_P1,1,0.226607,1,1.0998,10.504,0.0,10.504,4.532145,4.532145,0.339911,0.0,-0.0,0.0,0.0,0.0,0.679822,2709.315966
W6_P1,2,0.264776,1,0.7998,11.788,0.0,11.788,5.295518,5.295518,0.397164,0.0,0.0,0.0,0.0,0.0,0.794328,3092.873846
W6_P1,3,0.253349,1,0.99,11.504,0.0,11.504,5.066988,5.066988,0.380024,0.0,-0.0,-0.0,0.0,0.0,0.760048,2993.107036
W6_P1,4,0.240477,1,1.1802,11.16,0.0,11.16,4.809542,4.809542,0.360716,0.0,-0.0,0.0,0.0,0.0,0.721431,2877.106973
W6_P1,5,0.224911,1,1.6302,10.964,0.0,10.964,4.498217,4.498217,0.337366,0.0,-0.0,0.0,0.0,0.0,0.674733,2769.828949
W6_P1,6,0.537923,1,2.5002,10.744,14.08,24.824,10.758458,10.758458,0.806884,0.0,-0.0,0.0,0.0,0.0,1.613769,5992.428227
W6_P1,7,0.784814,1,3.3702,10.34,25.6,35.94,15.696289,15.696289,1.177222,0.0,-0.0,0.0,0.0,0.0,2.354443,8549.426733
W6_P1,8,1.0,1,4.0098,9.672,37.12,46.792,20.0,20.0,1.5,1.2822,0.0,0.0,0.0,0.0,3.0,10908.2
W6_P1,9,1.0,1,4.2,6.948,46.08,53.028,20.0,20.0,1.5,7.328,0.0,1.15398,0.0,0.0,3.0,11574.8
W6_P1,10,1.0,1,4.1202,6.04,52.48,58.52,20.0,20.0,1.5,12.8998,0.0,7.746872,0.0,0.0,3.0,12206.6
W6_P1,11,1.0,1,3.9,6.06,55.04,61.1,20.0,20.0,1.5,15.7,0.0,19.341198,0.0,0.0,3.0,12516.8
W6_P1,12,1.0,1,3.2598,6.528,56.32,62.848,20.0,20.0,1.5,18.0882,0.0,33.432516,0.0,0.0,3.0,12740.6
W6_P1,13,1.0,1,2.6898,5.768,56.32,62.088,20.0,20.0,1.5,17.8982,0.0,49.645031,0.0,0.0,3.0,12626.6
W6_P1,14,1.0,1,3.63,5.432,52.48,57.912,20.0,20.0,1.5,12.782,0.0,65.654121,0.0,0.0,3.0,12115.4
W6_P1,15,1.0,1,3.8202,5.368,44.8,50.168,20.0,20.0,1.5,4.8478,0.0,77.026613,0.0,0.0,3.0,11184.2
W6_P1,16,1.0,1,3.75,6.656,33.28,39.936,20.0,20.0,1.5,0.0,5.314,81.235579,0.0,0.0,3.0,9995.0
W6_P1,17,1.0,1,3.1398,8.408,24.32,32.728,20.0,20.0,1.5,0.0,11.9118,75.168664,0.0,0.0,3.0,9182.6
W6_P1,18,1.0,1,2.61,10.808,11.52,22.328,20.0,20.0,1.5,0.0,21.782,61.782993,0.0,0.0,3.0,8006.6
W6_P1,19,0.989376,1,2.1198,9.604,0.0,9.604,19.787516,19.787516,1.484064,0.0,33.574895,37.457205,0.0,0.0,2.968127,6390.447012
W6_P1,20,0.121471,1,1.86,6.832,0.0,6.832,2.429411,2.429411,0.182206,0.0,0.069028,0.076852,0.0,0.0,0.364412,1632.517223
W6_P1,21,0.162742,1,1.6302,8.384,0.0,8.384,3.254843,3.254843,0.244113,0.0,-0.0,0.0,0.0,0.0,0.488227,2071.79907
W6_P1,22,0.147663,1,1.56,7.688,0.0,7.688,2.953253,2.953253,0.221494,0.0,-0.0,0.0,0.0,0.0,0.442988,1891.956241
W6_P1,23,0.197393,1,1.4802,9.672,0.0,9.672,3.947855,3.947855,0.296089,0.0,-0.0,0.0,0.0,0.0,0.592178,2438.356034
W6_P2,0,0.194655,1,1.3698,9.448,0.0,9.448,3.893108,3.893108,0.291983,0.0,0.0,0.0,0.0,0.0,0.583966,2391.061075
W6_P2,1,0.226607,1,1.0998,10.504,0.0,10.504,4.532145,4.532145,0.339911,0.0,0.0,0.0,0.0,0.0,0.679822,2709.315966
W6_P2,2,0.264776,1,0.7998,11.788,0.0,11.788,5.295518,5.295518,0.397164,0.0,0.0,0.0,0.0,0.0,0.794328,3092.873846
W6_P2,3,0.253349,1,0.99,11.504,0.0,11.504,5.066988,5.066988,0.380024,0.0,0.0,0.0,0.0,0.0,0.760048,2993.107036
W6_P2,4,0.240477,1,1.1802,11.16,0.0,11.16,4.809542,4.809542,0.360716,0.0,0.0,0.0,0.0,0.0,0.721431,2877.106973
W6_P2,5,0.224911,1,1.6302,10.964,0.0,10.964,4.498217,4.498217,0.337366,0.0,0.0,0.0,0.0,0.0,0.674733,2769.828949
W6_P2,6,0.198646,1,2.5002,10.744,0.0,10.744,3.972916,3.972916,0.297969,0.0,0.0,0.0,0.0,0.0,0.595937,2605.424853
W6_P2,7,0.245055,1,3.3702,10.34,3.2,13.54,4.901108,4.901108,0.367583,0.0,0.0,0.0,0.0,0.0,0.735166,3161.012275
W6_P2,8,0.398607,1,4.0098,9.672,10.88,20.552,7.972145,7.972145,0.597911,0.0,0.0,0.0,0.0,0.0,1.195822,4750.631966
W6_P2,9,0.498024,1,4.2,6.948,17.92,24.868,9.960482,9.960482,0.747036,0.0,0.0,0.0,0.0,0.0,1.494072,5684.214554
W6_P2,10,0.647706,1,4.1202,6.04,24.96,31.0,12.95412,12.95412,0.971559,0.0,0.0,0.0,0.0,0.0,1.943118,7141.673239
W6_P2,11,0.807711,1,3.9,6.06,31.36,37.42,16.154217,16.154217,1.211566,0.0,0.0,0.0,0.0,0.0,2.423133,8713.177349
W6_P2,12,0.942366,1,3.2598,6.528,35.84,42.368,18.847325,18.847325,1.413549,0.0,0.0,0.0,0.0,0.0,2.827099,9994.658424
W6_P2,13,0.968631,1,2.6898,5.768,37.12,42.888,19.372627,19.372627,1.452947,0.0,0.0,0.0,0.0,0.0,2.905894,10165.66252
W6_P2,14,0.814506,1,3.63,5.432,32.0,37.432,16.29012,16.29012,1.221759,0.0,0.0,0.0,0.0,0.0,2.443518,8729.773639
W6_P2,15,0.654164,1,3.8202,5.368,25.6,30.968,13.083277,13.083277,0.981246,0.0,0.0,0.0,0.0,0.0,1.962492,7149.981769
W6_P2,16,0.532675,1,3.75,6.656,19.2,25.856,10.653494,10.653494,0.799012,0.0,0.0,0.0,0.0,0.0,1.598024,5967.371518
W6_P2,17,0.35827,1,3.1398,8.408,9.6,18.008,7.165398,7.165398,0.537405,0.0,0.0,0.0,0.0,0.0,1.07481,4205.624207
W6_P2,18,0.274651,1,2.61,10.808,3.2,14.008,5.493012,5.493012,0.411976,0.0,0.0,0.0,0.0,0.0,0.823952,3379.276964
W6_P2,19,0.180342,1,2.1198,9.604,0.0,9.604,3.606843,3.606843,0.270513,0.0,0.0,0.0,0.0,0.0,0.541027,2342.85187
W6_P2,20,0.119807,1,1.86,6.832,0.0,6.832,2.396145,2.396145,0.179711,0.0,0.0,0.0,0.0,0.0,0.359422,1624.195566
W6_P2,21,0.162742,1,1.6302,8.384,0.0,8.384,3.254843,3.254843,0.244113,0.0,0.0,0.0,0.0,0.0,0.488227,2071.79907
W6_P2,22,0.147663,1,1.56,7.688,0.0,7.688,2.953253,2.953253,0.221494,0.0,0.0,0.0,0.0,0.0,0.442988,1891.956241
W6_P2,23,0.197393,1,1.4802,9.672,0.0,9.672,3.947855,3.947855,0.296089,0.0,0.0,0.0,0.0,0.0,0.592178,2438.356034
W6_P3,0,0.194655,1,1.3698,9.448,0.0,9.448,3.893108,3.893108,0.291983,0.0,0.0,0.0,0.0,0.0,0.583966,2391.061075
W6_P3,1,0.226607,1,1.0998,10.504,0.0,10.504,4.532145,4.532145,0.339911,0.0,0.0,0.0,0.0,0.0,0.679822,2709.315966
W6_P3,2,0.264776,1,0.7998,11.788,0.0,11.788,5.295518,5.295518,0.397164,0.0,0.0,0.0,0.0,0.0,0.794328,3092.873846
W6_P3,3,0.253349,1,0.99,11.504,0.0,11.504,5.066988,5.066988,0.380024,0.0,0.0,0.0,0.0,0.0,0.760048,2993.107036
W6_P3,4,0.240477,1,1.1802,11.16,0.0,11.16,4.809542,4.809542,0.360716,0.0,0.0,0.0,0.0,0.0,0.721431,2877.106973
W6_P3,5,0.224911,1,1.6302,10.964,0.0,10.964,4.498217,4.498217,0.337366,0.0,0.0,0.0,0.0,0.0,0.674733,2769.828949
W6_P3,6,0.198646,1,2.5002,10.744,0.0,10.744,3.972916,3.972916,0.297969,0.0,0.0,0.0,0.0,0.0,0.595937,2605.424853
W6_P3,7,0.19879,1,3.3702,10.34,1.28,11.62,3.975807,3.975807,0.298186,0.0,0.0,0.0,0.0,0.0,0.596371,2699.148178
W6_P3,8,0.213547,1,4.0098,9.672,3.2,12.872,4.27094,4.27094,0.32032,0.0,0.0,0.0,0.0,0.0,0.640641,2903.175581
W6_P3,9,0.18959,1,4.2,6.948,5.12,12.068,3.791807,3.791807,0.284386,0.0,0.0,0.0,0.0,0.0,0.568771,2605.120578
W6_P3,10,0.23132,1,4.1202,6.04,7.68,13.72,4.62641,4.62641,0.346981,0.0,0.0,0.0,0.0,0.0,0.693961,2984.896371
W6_P3,11,0.329639,1,3.9,6.06,11.52,17.58,6.592771,6.592771,0.494458,0.0,0.0,0.0,0.0,0.0,0.988916,3940.581687
W6_P3,12,0.418029,1,3.2598,6.528,14.08,20.608,8.360578,8.360578,0.627043,0.0,0.0,0.0,0.0,0.0,1.254087,4760.198665
W6_P3,13,0.413451,1,2.6898,5.768,14.08,19.848,8.269012,8.269012,0.620176,0.0,0.0,0.0,0.0,0.0,1.240352,4623.293364
W6_P3,14,0.321012,1,3.63,5.432,11.52,16.952,6.420241,6.420241,0.481518,0.0,0.0,0.0,0.0,0.0,0.963036,3803.223277
W6_P3,15,0.206935,1,3.8202,5.368,7.04,12.408,4.138699,4.138699,0.310402,0.0,0.0,0.0,0.0,0.0,0.620805,2685.295504
W6_P3,16,0.193398,1,3.75,6.656,5.12,11.776,3.867952,3.867952,0.290096,0.0,0.0,0.0,0.0,0.0,0.580193,2580.368145
W6_P3,17,0.204053,1,3.1398,8.408,3.2,11.608,4.08106,4.08106,0.30608,0.0,0.0,0.0,0.0,0.0,0.612159,2666.077219
W6_P3,18,0.228386,1,2.61,10.808,1.28,12.088,4.567711,4.567711,0.342578,0.0,0.0,0.0,0.0,0.0,0.685157,2917.412867
W6_P3,19,0.180342,1,2.1198,9.604,0.0,9.604,3.606843,3.606843,0.270513,0.0,0.0,0.0,0.0,0.0,0.541027,2342.85187
W6_P3,20,0.119807,1,1.86,6.832,0.0,6.832,2.396145,2.396145,0.179711,0.0,0.0,0.0,0.0,0.0,0.359422,1624.195566
W6_P3,21,0.162742,1,1.6302,8.384,0.0,8.384,3.254843,3.254843,0.244113,0.0,0.0,0.0,0.0,0.0,0.488227,2071.79907
W6_P3,22,0.147663,1,1.56,7.688,0.0,7.688,2.953253,2.953253,0.221494,0.0,0.0,0.0,0.0,0.0,0.442988,1891.956241
W6_P3,23,0.197393,1,1.4802,9.672,0.0,9.672,3.947855,3.947855,0.296089,0.0,0.0,0.0,0.0,0.0,0.592178,2438.356034
W6_P4,0,0.194655,1,1.3698,9.448,0.0,9.448,3.893108,3.893108,0.291983,0.0,0.0,0.003199,0.0,0.0,0.583966,2391.061075
W6_P4,1,0.226607,1,1.0998,10.504,0.0,10.504,4.532145,4.532145,0.339911,0.0,0.0,0.003192,0.0,0.0,0.679822,2709.315966
W6_P4,2,0.264776,1,0.7998,11.788,0.0,11.788,5.295518,5.295518,0.397164,0.0,0.0,0.003186,0.0,0.0,0.794328,3092.873846
W6_P4,3,0.253349,1,0.99,11.504,0.0,11.504,5.066988,5.066988,0.380024,0.0,0.0,0.003179,0.0,0.0,0.760048,2993.107036
W6_P4,4,0.240477,1,1.1802,11.16,0.0,11.16,4.809542,4.809542,0.360716,0.0,0.0,0.003173,0.0,0.0,0.721431,2877.106973
W6_P4,5,0.224911,1,1.6302,10.964,0.0,10.964,4.498217,4.498217,0.337366,0.0,0.0,0.003167,0.0,0.0,0.674733,2769.828949
W6_P4,6,0.198646,1,2.5002,10.744,0.0,10.744,3.972916,3.972916,0.297969,0.0,0.0,0.00316,0.0,0.0,0.595937,2605.424853
W6_P4,7,0.167947,1,3.3702,10.34,0.0,10.34,3.35894,3.35894,0.25192,0.0,0.0,0.003154,0.0,0.0,0.503841,2391.238781
W6_P4,8,0.136439,1,4.0098,9.672,0.0,9.672,2.728771,2.728771,0.204658,0.0,0.0,0.003148,0.0,0.0,0.409316,2133.402087
W6_P4,9,0.0,0,4.2,6.948,0.0,6.948,0.0,0.0,0.0,2.748,0.0,0.003142,0.0,0.0,0.0,1042.2
W6_P4,10,0.0,0,4.1202,6.04,0.0,6.04,0.0,0.0,0.0,1.9198,0.0,2.476335,0.0,0.0,0.0,906.0
W6_P4,11,0.111312,1,3.9,6.06,1.28,7.34,2.226231,2.226231,0.166967,0.0,1.179429,4.199203,0.0,0.0,0.333935,1619.49168
W6_P4,12,0.202125,1,3.2598,6.528,5.12,11.648,4.042506,4.042506,0.303188,0.0,0.0,2.880327,0.0,0.0,0.606376,2604.832882
W6_P4,13,0.259234,1,2.6898,5.768,7.68,13.448,5.184675,5.184675,0.388851,0.0,0.0,2.874567,0.0,0.0,0.777701,3083.746376
W6_P4,14,0.166795,1,3.63,5.432,5.12,10.552,3.335904,3.335904,0.250193,0.0,0.0,2.868817,0.0,0.0,0.500386,2263.676289
W6_P4,15,0.1,1,3.8202,5.368,1.28,6.648,2.0,2.0,0.15,0.0,1.3222,2.86308,0.0,0.0,0.3,1459.1
W6_P4,16,0.1,1,3.75,6.656,0.0,6.656,2.0,2.0,0.15,0.0,1.244,1.388242,0.0,0.0,0.3,1498.7
W6_P4,17,0.126945,1,3.1398,8.408,0.0,8.408,2.538892,2.538892,0.190417,0.0,0.0,0.003244,0.0,0.0,0.380834,1896.303725
W6_P4,18,0.197542,1,2.61,10.808,0.0,10.808,3.950843,3.950843,0.296313,0.0,0.0,0.003237,0.0,0.0,0.592627,2609.50347
W6_P4,19,0.180342,1,2.1198,9.604,0.0,9.604,3.606843,3.606843,0.270513,0.0,0.0,0.003231,0.0,0.0,0.541027,2342.85187
W6_P4,20,0.119807,1,1.86,6.832,0.0,6.832,2.396145,2.396145,0.179711,0.0,0.0,0.003224,0.0,0.0,0.359422,1624.195566
W6_P4,21,0.162742,1,1.6302,8.384,0.0,8.384,3.254843,3.254843,0.244113,0.0,0.0,0.003218,0.0,0.0,0.488227,2071.79907
W6_P4,22,0.147663,1,1.56,7.688,0.0,7.688,2.953253,2.953253,0.221494,0.0,0.0,0.003211,0.0,0.0,0.442988,1891.956241
W6_P4,23,0.197393,1,1.4802,9.672,0.0,9.672,3.947855,3.947855,0.296089,0.0,0.0,0.003205,0.0,0.0,0.592178,2438.356034
